cell_id,latitude,longitude,elevation,slope,aspect,hillshade,tri,tpi
32.75_-117.25,32.75,-117.25,6.462280750274658,1.8127833604812622,173.42762756347656,181.2085723876953,1.109946846961975,-0.06844444572925568
32.75_-117.00,32.75,-117.0,136.8963623046875,6.62451171875,121.31108856201172,191.47293090820312,3.165515184402466,-0.16170185804367065
32.75_-116.75,32.75,-116.75,648.661865234375,6.5774946212768555,115.27208709716797,187.68972778320312,2.9957361221313477,-0.3430228531360626
32.75_-116.50,32.75,-116.5,997.571533203125,4.288002014160156,280.2049255371094,169.4998016357422,1.8892885446548462,-0.6411646008491516
32.75_-116.25,32.75,-116.25,1122.5771484375,20.326358795166016,187.60736083984375,160.21475219726562,9.175589561462402,6.832944393157959
32.75_-116.00,32.75,-116.0,119.88606262207031,1.4097671508789062,260.4391174316406,177.8448028564453,0.6099812984466553,0.0537966713309288
32.75_-115.75,32.75,-115.75,-9.808627128601074,0.30088871717453003,202.4552001953125,180.18051147460938,0.19366024434566498,0.01628054864704609
32.75_-115.50,32.75,-115.5,-6.9787139892578125,0.4033905565738678,194.1453399658203,180.58779907226562,0.25302812457084656,-0.019946202635765076
32.75_-115.25,32.75,-115.25,11.156983375549316,0.8361875414848328,111.68148040771484,181.437744140625,0.41858306527137756,-0.09583780914545059
32.75_-115.00,32.75,-115.0,46.431854248046875,0.513507604598999,171.2105255126953,180.50489807128906,0.30849963426589966,0.08892343193292618
32.75_-114.75,32.75,-114.75,82.75343322753906,1.1616970300674438,259.57861328125,178.14442443847656,0.6069173812866211,-0.24714361131191254
33.00_-117.25,33.0,-117.25,68.41905975341797,7.70758056640625,120.90042877197266,189.39431762695312,4.030342102050781,-1.1108148097991943
33.00_-117.00,33.0,-117.0,376.5505676269531,18.03153419494629,151.4491729736328,170.68890380859375,8.943995475769043,-7.075882911682129
33.00_-116.75,33.0,-116.75,466.7779846191406,16.495107650756836,244.2038116455078,143.6557159423828,8.108711242675781,-5.666691303253174
33.00_-116.50,33.0,-116.5,1222.73486328125,17.265840530395508,154.9659423828125,198.76095581054688,7.9400954246521,3.221733570098877
33.00_-116.25,33.0,-116.25,601.1116943359375,19.261690139770508,190.4855194091797,152.55784606933594,10.174345016479492,-0.8519175052642822
33.00_-116.00,33.0,-116.0,314.9627990722656,19.63799476623535,202.6925506591797,182.35955810546875,9.865019798278809,-0.01410303171724081
33.00_-115.75,33.0,-115.75,25.561466217041016,4.188393592834473,194.76771545410156,181.38026428222656,1.9245610237121582,1.3405814170837402
33.00_-115.50,33.0,-115.5,-42.45217514038086,0.38017913699150085,195.24948120117188,180.35882568359375,0.25269219279289246,0.0013492027064785361
33.00_-115.25,33.0,-115.25,28.39255142211914,0.5779772996902466,179.26121520996094,180.4232940673828,0.33883169293403625,0.011566138826310635
33.00_-115.00,33.0,-115.0,159.6277313232422,0.6712855696678162,59.88970947265625,180.73179626464844,0.30983808636665344,-0.007612116169184446
33.00_-114.75,33.0,-114.75,287.7772521972656,6.835672378540039,188.38180541992188,171.76812744140625,3.329710006713867,0.8878867030143738
33.00_-114.50,33.0,-114.5,56.174678802490234,0.938960075378418,175.66954040527344,179.7610321044922,0.5257567763328552,-0.4840525984764099
33.25_-119.50,33.25,-119.5,193.54173278808594,6.719186305999756,230.48141479492188,176.80392456054688,2.8455827236175537,-0.7175142765045166
33.25_-117.25,33.25,-117.25,73.76495361328125,5.058472633361816,121.9266357421875,186.52545166015625,2.3393752574920654,0.43424296379089355
33.25_-117.00,33.25,-117.0,511.4187316894531,10.96558666229248,207.84629821777344,160.20474243164062,4.869195461273193,1.3533031940460205
33.25_-116.75,33.25,-116.75,812.9268188476562,1.250410556793213,168.03570556640625,179.68408203125,0.7007546424865723,-0.04290134087204933
33.25_-116.50,33.25,-116.5,1685.85693359375,21.94769287109375,159.07713317871094,162.82669067382812,9.83639144897461,-4.2190165519714355
33.25_-116.25,33.25,-116.25,253.51266479492188,8.1647310256958,169.00765991210938,163.36241149902344,3.93131160736084,-1.2169055938720703
33.25_-116.00,33.25,-116.0,-6.279850482940674,2.572016954421997,216.09376525878906,178.7148895263672,1.4457523822784424,-0.27390649914741516
33.25_-115.75,33.25,-115.75,-71.5,0.0,180.0,180.31222534179688,0.0,0.0
33.25_-115.50,33.25,-115.5,-23.51129150390625,0.760090708732605,66.95967864990234,180.74476623535156,0.356902152299881,0.054783403873443604
33.25_-115.25,33.25,-115.25,442.4886474609375,12.934741020202637,195.5694580078125,176.49822998046875,6.195521831512451,-2.3279476165771484
33.25_-115.00,33.25,-115.0,323.31634521484375,0.8334357142448425,217.65283203125,180.62574768066406,0.4094310700893402,-0.025188220664858818
33.25_-114.75,33.25,-114.75,130.68984985351562,3.252237558364868,214.3014373779297,181.10919189453125,1.7070505619049072,0.3640340268611908
33.50_-117.50,33.5,-117.5,336.8092041015625,15.182066917419434,126.55137634277344,177.07115173339844,7.795881748199463,-0.9833428263664246
33.50_-117.25,33.5,-117.25,403.6405334472656,8.823113441467285,268.8420715332031,155.70755004882812,4.127833366394043,-1.8493396043777466
33.50_-117.00,33.5,-117.0,477.4647521972656,28.218101501464844,161.8550567626953,220.66065979003906,14.599239349365234,-4.168130874633789
33.50_-116.75,33.5,-116.75,1194.28466796875,3.876906633377075,149.24864196777344,189.6823272705078,1.7294360399246216,-0.009307242929935455
33.50_-116.50,33.5,-116.5,1378.975830078125,22.38245391845703,127.21012878417969,139.88743591308594,11.015202522277832,-2.632991313934326
33.50_-116.25,33.5,-116.25,685.9227905273438,32.01960372924805,139.82801818847656,214.848876953125,15.985785484313965,2.939635753631592
33.50_-116.00,33.5,-116.0,-71.5,0.0,180.0,180.31222534179688,0.0,0.0
33.50_-115.75,33.5,-115.75,65.86849975585938,1.711769700050354,70.01056671142578,182.48643493652344,0.677819013595581,0.04725511372089386
33.50_-115.50,33.5,-115.5,684.1891479492188,6.226437091827393,198.8838348388672,177.92367553710938,3.1422524452209473,-0.43970081210136414
33.50_-115.25,33.5,-115.25,610.0055541992188,7.313777923583984,231.6690216064453,170.66769409179688,4.02340030670166,-0.227790966629982
33.50_-115.00,33.5,-115.0,355.3333435058594,22.92938995361328,197.70848083496094,181.23062133789062,11.123343467712402,-1.7922585010528564
33.50_-114.75,33.5,-114.75,90.29349517822266,2.4532477855682373,222.5648193359375,176.6505584716797,1.2365440130233765,-0.6601078510284424
33.75_-118.25,33.75,-118.25,1.8315167427062988,1.6663159132003784,158.26278686523438,179.19915771484375,0.9453119039535522,-0.19274064898490906
33.75_-118.00,33.75,-118.0,11.578015327453613,4.04677152633667,178.36843872070312,179.6757049560547,2.2638604640960693,0.0798029750585556
33.75_-117.75,33.75,-117.75,170.68312072753906,14.472051620483398,119.63392639160156,210.00746154785156,6.348409652709961,0.6103977560997009
33.75_-117.50,33.75,-117.5,504.5752868652344,27.361661911010742,163.5225830078125,200.51112365722656,13.772997856140137,-4.584553241729736
33.75_-117.25,33.75,-117.25,452.6058654785156,5.823757171630859,212.8193817138672,169.83642578125,2.84203839302063,-0.32236209511756897
33.75_-117.00,33.75,-117.0,470.002197265625,1.7964184284210205,170.2099609375,180.89065551757812,1.1297023296356201,-0.01789100654423237
33.75_-116.75,33.75,-116.75,1820.242919921875,16.614776611328125,119.81267547607422,171.0986328125,7.602019786834717,3.4345507621765137
33.75_-116.50,33.75,-116.5,467.2888488769531,4.435715198516846,104.18575286865234,174.18490600585938,1.995597243309021,-1.161550760269165
33.75_-116.25,33.75,-116.25,7.212736129760742,0.7518413662910461,207.883056640625,179.1876678466797,0.4308450520038605,-0.17334377765655518
33.75_-116.00,33.75,-116.0,904.8906860351562,16.1363468170166,178.44581604003906,156.3583221435547,7.598130702972412,-2.5156595706939697
33.75_-115.75,33.75,-115.75,1539.279541015625,14.67117691040039,191.00550842285156,164.21656799316406,6.869820594787598,7.672019958496094
33.75_-115.50,33.75,-115.5,568.7149047851562,24.874832153320312,225.3019256591797,159.74327087402344,11.897198677062988,-2.680694580078125
33.75_-115.25,33.75,-115.25,138.965576171875,0.792885959148407,198.89903259277344,179.96031188964844,0.508913516998291,-0.06671905517578125
33.75_-115.00,33.75,-115.0,210.8657989501953,1.4994242191314697,317.5074157714844,175.7373504638672,0.6638038158416748,-0.01610080525279045
33.75_-114.75,33.75,-114.75,175.63742065429688,0.5576397180557251,198.52337646484375,179.14984130859375,0.29993829131126404,-0.019887996837496758
34.00_-120.25,34.0,-120.25,0.3982982933521271,0.6521980166435242,171.28355407714844,180.02243041992188,0.37034884095191956,-0.22166116535663605
34.00_-119.75,34.0,-119.75,290.1433410644531,21.2520751953125,218.0901336669922,145.3416290283203,10.259984970092773,1.0866384506225586
34.00_-119.50,34.0,-119.5,0.0,0.0,180.0,180.31222534179688,0.0,0.0
34.00_-118.25,34.0,-118.25,58.476009368896484,0.9713847041130066,183.66085815429688,179.75802612304688,0.65238356590271,-0.020502528175711632
34.00_-118.00,34.0,-118.0,309.8872375488281,19.91031265258789,198.09857177734375,181.39694213867188,10.07020092010498,-1.669866681098938
34.00_-117.75,34.0,-117.75,281.4506530761719,10.813191413879395,139.98793029785156,170.25942993164062,5.162103652954102,-0.6584076881408691
34.00_-117.50,34.0,-117.5,222.913330078125,1.1667609214782715,173.00975036621094,179.58236694335938,0.759371817111969,0.018879026174545288
34.00_-117.25,34.0,-117.25,561.8970947265625,14.505879402160645,184.8196258544922,196.80836486816406,7.077510356903076,-5.289379596710205
34.00_-117.00,34.0,-117.0,1054.2303466796875,19.99170684814453,92.94902038574219,194.613525390625,8.992775917053223,-2.8035807609558105
34.00_-116.75,34.0,-116.75,1633.5833740234375,35.24870681762695,199.69039916992188,151.84744262695312,18.78531837463379,-14.285909652709961
34.00_-116.50,34.0,-116.5,626.865234375,20.298152923583984,204.74847412109375,137.83839416503906,9.367960929870605,-0.09472667425870895
34.00_-116.25,34.0,-116.25,1663.0693359375,18.083786010742188,213.60336303710938,150.37660217285156,8.333251953125,2.020008087158203
34.00_-116.00,34.0,-116.0,1352.1541748046875,18.145322799682617,132.1941375732422,157.74838256835938,8.41844367980957,4.175458908081055
34.00_-115.75,34.0,-115.75,626.7257690429688,2.929957866668701,189.4400634765625,180.9451446533203,1.4303802251815796,0.6187326312065125
34.00_-115.50,34.0,-115.5,411.0564880371094,1.1498782634735107,102.33273315429688,178.77127075195312,0.5745754837989807,-0.09544673562049866
34.00_-115.25,34.0,-115.25,299.5132751464844,1.5953633785247803,48.74146270751953,180.53878784179688,0.6989784836769104,-0.06882932037115097
34.00_-115.00,34.0,-115.0,371.8370361328125,3.6212198734283447,117.65989685058594,183.1454315185547,1.6504429578781128,0.5646788477897644
34.00_-114.75,34.0,-114.75,219.25221252441406,1.4715043306350708,150.6519317626953,181.16424560546875,0.9516964554786682,0.04808590188622475
34.00_-114.50,34.0,-114.5,191.24302673339844,18.896394729614258,202.98272705078125,147.52621459960938,9.947199821472168,0.1317228525876999
34.25_-119.25,34.25,-119.25,11.810760498046875,0.5072916746139526,75.07317352294922,180.09500122070312,0.25931069254875183,-0.018591681495308876
34.25_-119.00,34.25,-119.0,74.79740142822266,2.40170955657959,191.5050811767578,178.18475341796875,1.3082730770111084,-0.7514169216156006
34.25_-118.75,34.25,-118.75,329.2586364746094,13.315857887268066,162.8201446533203,189.75860595703125,6.219563007354736,1.133721113204956
34.25_-118.50,34.25,-118.5,281.0553894042969,1.5099726915359497,201.3997802734375,178.18650817871094,1.0050461292266846,-0.004856853745877743
34.25_-118.25,34.25,-118.25,732.968994140625,19.337955474853516,154.8174591064453,151.2476043701172,9.732815742492676,-0.7897603511810303
34.25_-118.00,34.25,-118.0,938.6119384765625,30.337081909179688,113.73945617675781,177.4588623046875,15.346095085144043,6.258276462554932
34.25_-117.75,34.25,-117.75,998.264404296875,30.372604370117188,152.50332641601562,135.8450164794922,15.394404411315918,-7.483860492706299
34.25_-117.50,34.25,-117.5,1070.9200439453125,31.676862716674805,296.2423095703125,72.53001403808594,15.639103889465332,5.059781074523926
34.25_-117.25,34.25,-117.25,1638.7646484375,22.31820297241211,97.45341491699219,211.02413940429688,10.116853713989258,5.318588733673096
34.25_-117.00,34.25,-117.0,2241.19189453125,29.18472671508789,277.3484191894531,88.39744567871094,13.68169116973877,6.862146377563477
34.25_-116.75,34.25,-116.75,2050.9248046875,15.999785423278809,216.8563232421875,168.20970153808594,7.3416290283203125,0.8061178922653198
34.25_-116.50,34.25,-116.5,1256.96044921875,2.384249687194824,267.1690979003906,174.319580078125,1.0201581716537476,0.4387308359146118
34.25_-116.25,34.25,-116.25,822.4607543945312,2.0437984466552734,300.3023376464844,174.0548553466797,0.8437204360961914,-0.08533944189548492
34.25_-116.00,34.25,-116.0,592.4881591796875,1.9714263677597046,281.9844665527344,175.79856872558594,0.9531665444374084,-0.3214060068130493
34.25_-115.75,34.25,-115.75,807.6243286132812,5.403497219085693,238.40101623535156,174.4140167236328,2.421621799468994,-0.0619075782597065
34.25_-115.50,34.25,-115.5,509.87298583984375,28.58824348449707,247.8001251220703,129.16250610351562,14.168344497680664,1.8017834424972534
34.25_-115.25,34.25,-115.25,270.1378479003906,7.931024551391602,248.4303741455078,169.7419891357422,3.7546138763427734,-0.9214253425598145
34.25_-115.00,34.25,-115.0,278.21630859375,1.6524293422698975,81.94224548339844,183.33929443359375,0.6326508522033691,0.00022092342260293663
34.25_-114.75,34.25,-114.75,574.9317016601562,1.41464102268219,290.5738220214844,176.62335205078125,0.6657155156135559,-0.49276161193847656
34.25_-114.50,34.25,-114.5,400.22772216796875,4.792703628540039,186.4790802001953,175.45065307617188,2.371156930923462,0.3347834050655365
34.25_-114.25,34.25,-114.25,238.2267608642578,10.186861038208008,199.197509765625,166.80264282226562,5.056760311126709,-2.93684720993042
34.50_-120.25,34.5,-120.25,132.22764587402344,13.876879692077637,167.75390625,174.53115844726562,6.598563194274902,-4.705497741699219
34.50_-120.00,34.5,-120.0,367.043701171875,22.673349380493164,126.24608612060547,205.08221435546875,11.139406204223633,0.9792284965515137
34.50_-119.75,34.5,-119.75,855.4759521484375,28.308942794799805,216.96426391601562,115.2871322631836,13.166606903076172,-6.228960990905762
34.50_-119.50,34.5,-119.5,707.3773193359375,10.476106643676758,173.54335021972656,172.0797119140625,4.564645767211914,-2.327164888381958
34.50_-119.25,34.5,-119.25,1157.593994140625,30.655515670776367,186.54000854492188,185.40704345703125,15.72433090209961,0.8196603059768677
34.50_-119.00,34.5,-119.0,1317.255615234375,12.85123062133789,240.10316467285156,169.67295837402344,6.436300277709961,1.4566415548324585
34.50_-118.75,34.5,-118.75,450.0481872558594,35.17909622192383,125.49412536621094,184.5424041748047,19.112646102905273,-8.910916328430176
34.50_-118.50,34.5,-118.5,570.0191650390625,20.857345581054688,165.37611389160156,161.3312530517578,10.176509857177734,-3.290480852127075
34.50_-118.25,34.5,-118.25,1053.1044921875,16.086780548095703,123.05709838867188,188.7439727783203,7.674583435058594,3.4167842864990234
34.50_-118.00,34.5,-118.0,993.285400390625,9.667461395263672,200.1419677734375,182.566162109375,4.809195518493652,-2.3107917308807373
34.50_-117.75,34.5,-117.75,1033.7864990234375,1.9001930952072144,183.7599639892578,184.070068359375,0.9042490720748901,-0.014449289999902248
34.50_-117.50,34.5,-117.5,1010.7001342773438,1.1759716272354126,199.65093994140625,181.58169555664062,0.5691367983818054,-0.02557937428355217
34.50_-117.25,34.5,-117.25,863.5335083007812,1.3105189800262451,157.52548217773438,181.49307250976562,0.864557147026062,0.15204310417175293
34.50_-117.00,34.5,-117.0,890.7412109375,3.18277645111084,311.3033142089844,170.4944305419922,1.3806573152542114,-0.7363312244415283
34.50_-116.75,34.5,-116.75,977.3989868164062,1.3474785089492798,81.79332733154297,178.91416931152344,0.623457670211792,-0.188579261302948
34.50_-116.50,34.5,-116.5,870.61376953125,2.2747151851654053,256.80999755859375,176.39990234375,0.8771636486053467,-0.24804314970970154
34.50_-116.25,34.5,-116.25,1060.8973388671875,13.163070678710938,106.4219741821289,185.67945861816406,5.769826412200928,1.066691517829895
34.50_-116.00,34.5,-116.0,460.5151062011719,3.073354959487915,196.8798828125,184.38003540039062,1.422930121421814,-0.39810818433761597
34.50_-115.75,34.5,-115.75,183.09568786621094,0.2580539882183075,157.94126892089844,180.00790405273438,0.14687584340572357,-0.03524729236960411
34.50_-115.50,34.5,-115.5,244.2940673828125,0.9380580186843872,150.13058471679688,181.10415649414062,0.5233422517776489,-0.03066175803542137
34.50_-115.25,34.5,-115.25,686.0457153320312,5.381275653839111,80.0329360961914,186.61746215820312,2.3972411155700684,-1.2565189599990845
34.50_-115.00,34.5,-115.0,475.6568603515625,1.6073564291000366,302.98785400390625,175.3507537841797,0.6701369285583496,0.00572555884718895
34.50_-114.75,34.5,-114.75,401.0114440917969,0.5360004901885986,242.72622680664062,179.58096313476562,0.2887788712978363,-0.028460172936320305
34.50_-114.50,34.5,-114.5,345.6592102050781,5.992802143096924,231.97984313964844,170.08802795410156,3.066195249557495,0.2456977516412735
34.75_-120.50,34.75,-120.5,182.06724548339844,2.228752613067627,117.06175231933594,178.4158172607422,1.074313998222351,-0.06611387431621552
34.75_-120.25,34.75,-120.25,235.58981323242188,11.492815017700195,166.97743225097656,187.4925994873047,5.723315238952637,2.401141881942749
34.75_-120.00,34.75,-120.0,799.92041015625,30.030765533447266,149.27806091308594,165.99107360839844,15.585559844970703,-8.204856872558594
34.75_-119.75,34.75,-119.75,991.53857421875,23.532682418823242,178.96498107910156,203.2875213623047,11.9842529296875,4.530714988708496
34.75_-119.50,34.75,-119.5,1434.9644775390625,15.85197925567627,169.43136596679688,163.2181854248047,8.193024635314941,-0.2170816957950592
34.75_-119.25,34.75,-119.25,1413.2113037109375,22.393165588378906,216.72035217285156,126.25434112548828,11.27175521850586,2.2523019313812256
34.75_-119.00,34.75,-119.0,2075.479248046875,15.619951248168945,209.54893493652344,141.5426025390625,7.270962238311768,3.8281826972961426
34.75_-118.75,34.75,-118.75,1270.8447265625,18.712133407592773,102.32171630859375,167.21253967285156,8.852640151977539,0.7175778150558472
34.75_-118.50,34.75,-118.5,915.7188110351562,1.8001526594161987,191.48086547851562,183.24839782714844,0.8506727814674377,0.039535000920295715
34.75_-118.25,34.75,-118.25,721.2809448242188,0.4308800995349884,222.3070068359375,179.87115478515625,0.25250571966171265,0.025189265608787537
34.75_-118.00,34.75,-118.0,714.3407592773438,0.5079968571662903,174.67019653320312,180.8502197265625,0.32945722341537476,0.002353436779230833
34.75_-117.75,34.75,-117.75,915.5602416992188,1.1359971761703491,136.46780395507812,181.1016845703125,0.5740442872047424,-0.17673778533935547
34.75_-117.50,34.75,-117.5,922.117919921875,3.693049430847168,196.95697021484375,185.5438995361328,1.78451669216156,-0.7308753132820129
34.75_-117.25,34.75,-117.25,775.6649780273438,0.9984837174415588,150.0299530029297,183.0364227294922,0.4782980680465698,-0.02351369336247444
34.75_-117.00,34.75,-117.0,890.9534301757812,0.9806477427482605,139.49427795410156,182.9893035888672,0.506198525428772,-0.018770355731248856
34.75_-116.75,34.75,-116.75,1274.951171875,8.167341232299805,149.38168334960938,172.54385375976562,3.5635242462158203,0.9699117541313171
34.75_-116.50,34.75,-116.5,687.470703125,2.602571725845337,190.9621124267578,184.6598663330078,1.2174479961395264,-0.021439185366034508
34.75_-116.25,34.75,-116.25,661.7987060546875,2.4519786834716797,274.523193359375,173.5624542236328,1.0913978815078735,-0.03653065860271454
34.75_-116.00,34.75,-116.0,730.1503295898438,7.724132537841797,138.97476196289062,187.3279571533203,3.784701347351074,-0.344986230134964
34.75_-115.75,34.75,-115.75,1068.367431640625,8.027640342712402,133.98777770996094,167.27574157714844,3.4613325595855713,-0.7294391989707947
34.75_-115.50,34.75,-115.5,765.1923828125,1.3100287914276123,156.93359375,181.10568237304688,0.5699462890625,-0.40167978405952454
34.75_-115.25,34.75,-115.25,534.7449951171875,0.9246091842651367,133.6103515625,179.9296417236328,0.4596540033817291,-0.010835938155651093
34.75_-115.00,34.75,-115.0,671.2662963867188,1.9622182846069336,269.22930908203125,176.09075927734375,0.7660497426986694,-0.1445775181055069
34.75_-114.75,34.75,-114.75,615.0098876953125,7.742847919464111,158.47337341308594,177.48448181152344,3.7923331260681152,-0.6694082617759705
35.00_-120.50,35.0,-120.5,44.07487487792969,0.31884345412254333,134.3404541015625,180.82142639160156,0.18046247959136963,0.04875827580690384
35.00_-120.25,35.0,-120.25,594.2440185546875,20.482990264892578,114.72358703613281,211.7268829345703,9.339956283569336,-0.34409013390541077
35.00_-120.00,35.0,-120.0,1360.1116943359375,29.64362144470215,237.23020935058594,134.781005859375,13.808884620666504,-2.4659409523010254
35.00_-119.75,35.0,-119.75,806.7977905273438,28.196495056152344,144.80679321289062,148.94378662109375,13.83315372467041,1.0509687662124634
35.00_-119.50,35.0,-119.5,858.0693969726562,3.663447380065918,262.7333984375,171.54443359375,1.737776756286621,-0.5589800477027893
35.00_-119.25,35.0,-119.25,361.2934875488281,2.5109522342681885,207.7332305908203,182.38356018066406,1.1349908113479614,-0.008583280257880688
35.00_-119.00,35.0,-119.0,443.9366455078125,12.48606014251709,255.0952606201172,150.03231811523438,6.191645622253418,-0.3677472174167633
35.00_-118.75,35.0,-118.75,566.7289428710938,19.190181732177734,133.11605834960938,194.94651794433594,9.792312622070312,-2.6843929290771484
35.00_-118.50,35.0,-118.5,2066.412353515625,19.732393264770508,208.52914428710938,132.73614501953125,9.35313892364502,9.988286018371582
35.00_-118.25,35.0,-118.25,937.0240478515625,1.1823968887329102,295.50030517578125,176.99119567871094,0.5163660049438477,0.05977090448141098
35.00_-118.00,35.0,-118.0,777.8449096679688,1.537221074104309,186.93563842773438,178.291015625,0.7221923470497131,-0.004803159739822149
35.00_-117.75,35.0,-117.75,710.2719116210938,0.869415819644928,160.66677856445312,180.42782592773438,0.5962733030319214,0.06975415349006653
35.00_-117.50,35.0,-117.5,738.62939453125,1.751799464225769,123.787841796875,178.83139038085938,0.860406219959259,-0.0010400393512099981
35.00_-117.25,35.0,-117.25,628.5631103515625,1.2286481857299805,185.89151000976562,182.55165100097656,0.6233331561088562,0.13160774111747742
35.00_-117.00,35.0,-117.0,837.5904541015625,1.7003263235092163,316.4339904785156,175.32388305664062,0.7926132678985596,-0.10101304203271866
35.00_-116.75,35.0,-116.75,543.4146118164062,0.5951443314552307,199.66720581054688,180.92308044433594,0.3064749836921692,-0.08191027492284775
35.00_-116.50,35.0,-116.5,537.3482666015625,3.5103139877319336,202.56756591796875,175.56947326660156,1.7483348846435547,-0.15934179723262787
35.00_-116.25,35.0,-116.25,416.7741394042969,2.8915939331054688,236.12100219726562,177.90216064453125,1.5291258096694946,0.19116584956645966
35.00_-116.00,35.0,-116.0,705.2474365234375,19.797407150268555,138.30372619628906,215.9047393798828,9.490467071533203,-1.0141725540161133
35.00_-115.75,35.0,-115.75,643.4251708984375,4.157930850982666,236.22434997558594,175.56088256835938,2.016138792037964,-0.32868072390556335
35.00_-115.50,35.0,-115.5,1297.0882568359375,18.003910064697266,265.71002197265625,127.59463500976562,7.6934099197387695,-0.08658196032047272
35.00_-115.25,35.0,-115.25,1053.42822265625,1.439408540725708,276.3966979980469,176.6493377685547,0.6465013027191162,-0.2310071885585785
35.00_-115.00,35.0,-115.0,856.6207275390625,1.7688244581222534,271.8381652832031,175.98574829101562,0.7894937992095947,-0.0866166353225708
35.00_-114.75,35.0,-114.75,760.476318359375,29.476194381713867,269.7008972167969,107.70468139648438,14.804616928100586,-6.120865345001221
35.25_-120.75,35.25,-120.75,317.02325439453125,16.954879760742188,188.89479064941406,193.72491455078125,7.905399799346924,0.8148671388626099
35.25_-120.50,35.25,-120.5,420.9787902832031,34.36103820800781,210.95449829101562,162.78536987304688,17.06416893005371,-0.2905733585357666
35.25_-120.25,35.25,-120.25,574.3118896484375,15.624703407287598,129.11553955078125,195.10186767578125,7.644087791442871,-1.6543792486190796
35.25_-120.00,35.25,-120.0,654.076904296875,4.894610404968262,174.33926391601562,180.50741577148438,2.402235507965088,-0.1445113718509674
35.25_-119.75,35.25,-119.75,969.1327514648438,23.307247161865234,105.10790252685547,191.83680725097656,10.991958618164062,2.3403663635253906
35.25_-119.50,35.25,-119.5,270.1544189453125,2.7394988536834717,101.66956329345703,178.21299743652344,1.2449626922607422,-0.2843940854072571
35.25_-119.25,35.25,-119.25,91.12120056152344,0.2770622670650482,171.1404571533203,180.3404083251953,0.18792013823986053,-0.00927343312650919
35.25_-119.00,35.25,-119.0,100.6989517211914,0.4496266841888428,202.5043182373047,179.86990356445312,0.27298638224601746,-0.022533662617206573
35.25_-118.75,35.25,-118.75,190.5198974609375,1.7572193145751953,118.71907806396484,185.37045288085938,0.7355079650878906,-0.10636420547962189
35.25_-118.50,35.25,-118.5,1468.019775390625,27.214401245117188,239.4862518310547,104.91865539550781,12.52491283416748,7.532624244689941
35.25_-118.25,35.25,-118.25,1585.9349365234375,24.87047576904297,139.2317657470703,207.01541137695312,11.64171028137207,0.2833503484725952
35.25_-118.00,35.25,-118.0,651.5206909179688,0.8978834748268127,206.340087890625,181.009521484375,0.5005594491958618,-0.09190613776445389
35.25_-117.75,35.25,-117.75,956.70849609375,1.668391227722168,197.1780242919922,176.53590393066406,0.8119230270385742,-0.053613174706697464
35.25_-117.50,35.25,-117.5,815.1812133789062,2.5803236961364746,242.9451904296875,177.62510681152344,1.0350788831710815,-0.02611645497381687
35.25_-117.25,35.25,-117.25,1020.330078125,4.148929595947266,144.84083557128906,179.96896362304688,1.889057993888855,-0.9531469345092773
35.25_-117.00,35.25,-117.0,919.07373046875,0.6938902139663696,101.72103881835938,181.50148010253906,0.34187597036361694,-0.13107721507549286
35.25_-116.75,35.25,-116.75,958.8890380859375,5.921610355377197,165.1979522705078,190.7301788330078,2.779388666152954,-0.11957230418920517
35.25_-116.50,35.25,-116.5,456.96002197265625,1.2471704483032227,314.5466003417969,176.49241638183594,0.5603506565093994,-0.1773664504289627
35.25_-116.25,35.25,-116.25,769.5263671875,15.08183765411377,128.3024139404297,207.4619598388672,7.016516208648682,-1.204400897026062
35.25_-116.00,35.25,-116.0,371.2568054199219,1.100171685218811,64.49842071533203,181.30282592773438,0.4863567054271698,-0.02032570354640484
35.25_-115.75,35.25,-115.75,1175.563232421875,5.037445068359375,105.8845443725586,176.35191345214844,2.265324115753174,-0.23286214470863342
35.25_-115.50,35.25,-115.5,1282.0242919921875,2.034708023071289,282.8327941894531,174.81427001953125,0.7866801619529724,-0.04522959887981415
35.25_-115.25,35.25,-115.25,1496.9364013671875,3.754635810852051,250.849609375,175.8041229248047,1.812896490097046,0.44031596183776855
35.25_-115.00,35.25,-115.0,960.10888671875,12.052594184875488,264.7949523925781,154.20608520507812,4.932250022888184,-2.990281105041504
35.50_-121.00,35.5,-121.0,156.867919921875,14.045014381408691,174.94871520996094,154.99603271484375,6.4162163734436035,3.439648151397705
35.50_-120.75,35.5,-120.75,499.38641357421875,17.01604652404785,218.5704803466797,165.7635955810547,8.001352310180664,-2.9127395153045654
35.50_-120.50,35.5,-120.5,371.4205017089844,7.625051975250244,117.92037200927734,181.6519012451172,3.693828821182251,0.30932101607322693
35.50_-120.25,35.5,-120.25,438.0877380371094,8.787797927856445,241.2240753173828,166.9068145751953,4.128359317779541,0.2949635088443756
35.50_-120.00,35.5,-120.0,683.396240234375,18.831340789794922,210.77877807617188,169.18569946289062,8.809187889099121,-4.753903388977051
35.50_-119.75,35.5,-119.75,177.41390991210938,1.114989995956421,237.51007080078125,179.2453155517578,0.6321834921836853,0.19880402088165283
35.50_-119.50,35.5,-119.5,87.35966491699219,0.730343759059906,208.99049377441406,180.88987731933594,0.4170660376548767,-0.0668533518910408
35.50_-119.25,35.5,-119.25,109.69901275634766,0.7975857257843018,151.22740173339844,181.27249145507812,0.49280357360839844,0.06913907825946808
35.50_-119.00,35.5,-119.0,337.80914306640625,6.852361679077148,189.69921875,174.75762939453125,3.223461151123047,-0.5618504285812378
35.50_-118.75,35.5,-118.75,867.1781005859375,13.845002174377441,144.25355529785156,190.28878784179688,6.214235305786133,3.6085779666900635
35.50_-118.50,35.5,-118.5,1178.574951171875,14.311602592468262,74.72187805175781,176.71279907226562,6.681172847747803,-3.8044536113739014
35.50_-118.25,35.5,-118.25,1703.1888427734375,15.007835388183594,199.85028076171875,190.0852813720703,7.087970733642578,-2.1977381706237793
35.50_-118.00,35.5,-118.0,991.4686279296875,1.1558680534362793,242.40806579589844,178.7517852783203,0.5551286339759827,0.29058054089546204
35.50_-117.75,35.5,-117.75,937.9500122070312,3.261305093765259,279.98175048828125,174.11312866210938,1.3840135335922241,-0.7860961556434631
35.50_-117.50,35.5,-117.5,720.1443481445312,1.9828808307647705,209.450439453125,179.39373779296875,0.8887863755226135,-0.33334553241729736
35.50_-117.25,35.5,-117.25,760.9533081054688,1.508159875869751,160.42266845703125,184.36257934570312,0.7074967622756958,-0.0501876026391983
35.50_-117.00,35.5,-117.0,857.3729858398438,3.6579720973968506,181.0617218017578,185.72067260742188,1.7735378742218018,0.011323496699333191
35.50_-116.75,35.5,-116.75,1011.9002685546875,15.105424880981445,80.06329345703125,191.97412109375,6.729720115661621,-1.9592084884643555
35.50_-116.50,35.5,-116.5,1055.1842041015625,5.637763023376465,59.5773811340332,177.18077087402344,2.499237060546875,-0.722302258014679
35.50_-116.25,35.5,-116.25,776.3215942382812,19.45733070373535,145.40472412109375,156.9580078125,9.29896354675293,5.799081325531006
35.50_-116.00,35.5,-116.0,931.9050903320312,14.645171165466309,274.3694763183594,145.05589294433594,6.385278224945068,1.939724326133728
35.50_-115.75,35.5,-115.75,1038.15087890625,0.7415706515312195,164.90345764160156,181.90818786621094,0.39539670944213867,-0.03969326615333557
35.50_-115.50,35.5,-115.5,1208.894775390625,8.782721519470215,215.88009643554688,182.13929748535156,4.116668224334717,-0.9679147601127625
35.75_-121.25,35.75,-121.25,635.3572998046875,17.111539840698242,234.3595733642578,141.80419921875,8.244282722473145,1.5545374155044556
35.75_-121.00,35.75,-121.0,267.32354736328125,14.056498527526855,97.63562774658203,183.8458709716797,6.924740791320801,2.5368123054504395
35.75_-120.75,35.75,-120.75,250.9239501953125,8.325287818908691,192.3936004638672,174.07400512695312,3.7299842834472656,0.8017571568489075
35.75_-120.50,35.75,-120.5,400.44964599609375,12.420068740844727,165.7276153564453,193.9962615966797,5.932590007781982,-2.5664355754852295
35.75_-120.25,35.75,-120.25,475.1854248046875,12.916930198669434,169.99462890625,189.3204803466797,6.201495170593262,1.4375661611557007
35.75_-120.00,35.75,-120.0,193.641845703125,3.5630428791046143,206.5743865966797,174.34323120117188,1.6616405248641968,-0.5807556509971619
35.75_-119.75,35.75,-119.75,67.59674072265625,0.37348902225494385,196.96804809570312,180.09693908691406,0.2336197942495346,-0.0060582878068089485
35.75_-119.50,35.75,-119.5,63.469398498535156,0.4521533250808716,148.28750610351562,180.88644409179688,0.2704041004180908,0.005170278716832399
35.75_-119.25,35.75,-119.25,91.48410034179688,0.584254264831543,130.2325439453125,180.60760498046875,0.3519592881202698,-0.036276012659072876
35.75_-119.00,35.75,-119.0,219.65884399414062,4.077805519104004,158.02288818359375,181.2636260986328,1.9719760417938232,-1.4428706169128418
35.75_-118.75,35.75,-118.75,1124.3572998046875,18.8460693359375,270.22430419921875,124.56251525878906,8.447043418884277,0.9662418365478516
35.75_-118.50,35.75,-118.5,1651.99267578125,30.282642364501953,99.00257873535156,136.06480407714844,14.948904991149902,-2.143254518508911
35.75_-118.25,35.75,-118.25,2139.82763671875,7.038745403289795,206.3264617919922,186.16407775878906,3.4417240619659424,-0.4982032775878906
35.75_-118.00,35.75,-118.0,2031.7830810546875,37.22185516357422,218.941162109375,153.92759704589844,19.339332580566406,-1.7131696939468384
35.75_-117.75,35.75,-117.75,674.0706787109375,0.5356202721595764,175.8656768798828,179.77886962890625,0.3095927834510803,-0.04363863915205002
35.75_-117.50,35.75,-117.5,869.0494995117188,5.091071605682373,147.37538146972656,168.84080505371094,2.3926870822906494,-0.8765308260917664
35.75_-117.25,35.75,-117.25,588.3974609375,3.485013008117676,62.662452697753906,183.2400360107422,1.4085590839385986,0.26044580340385437
35.75_-117.00,35.75,-117.0,585.8670654296875,0.8936089873313904,161.33204650878906,182.72496032714844,0.4309544563293457,-0.06635893136262894
35.75_-116.75,35.75,-116.75,759.7022705078125,11.342794418334961,195.97348022460938,159.8743438720703,5.466324806213379,-1.8584190607070923
35.75_-116.50,35.75,-116.5,66.43505096435547,4.162376880645752,147.4575958251953,187.8914031982422,2.0892536640167236,-0.037782296538352966
35.75_-116.25,35.75,-116.25,413.0443115234375,8.670299530029297,177.81576538085938,164.72520446777344,4.179462432861328,-0.9590924978256226
35.75_-116.00,35.75,-116.0,1008.4423828125,4.699993133544922,111.22543334960938,191.51268005371094,2.0404257774353027,-0.18144603073596954
35.75_-115.75,35.75,-115.75,999.13330078125,3.3801839351654053,233.05140686035156,178.44869995117188,1.402195692062378,-0.004163063131272793
36.00_-121.50,36.0,-121.5,115.65630340576172,29.61285972595215,62.15888214111328,167.87237548828125,14.172527313232422,-3.0170586109161377
36.00_-121.25,36.0,-121.25,309.825439453125,3.052982807159424,187.02886962890625,177.46226501464844,1.6513620615005493,-0.34876003861427307
36.00_-121.00,36.0,-121.0,371.68719482421875,12.919325828552246,218.95201110839844,181.7724151611328,6.567539215087891,-1.9793354272842407
36.00_-120.75,36.0,-120.75,479.5438232421875,22.5479793548584,170.4025115966797,192.4559326171875,10.616853713989258,1.4941861629486084
36.00_-120.50,36.0,-120.5,935.1207885742188,18.757801055908203,253.9660186767578,126.94599914550781,8.699467658996582,-4.117621898651123
36.00_-120.25,36.0,-120.25,370.8790588378906,9.89060115814209,148.04721069335938,174.44723510742188,5.045779705047607,0.030869511887431145
36.00_-120.00,36.0,-120.0,194.5668487548828,8.478049278259277,167.8153533935547,180.95162963867188,4.068698883056641,1.175388216972351
36.00_-119.75,36.0,-119.75,55.71905517578125,0.2618955969810486,181.76417541503906,180.3565673828125,0.1720581203699112,-0.0020916888024657965
36.00_-119.50,36.0,-119.5,56.25703048706055,1.282241940498352,194.98385620117188,179.67567443847656,0.8891514539718628,-0.12206882238388062
36.00_-119.25,36.0,-119.25,87.45478820800781,0.5748352408409119,148.74546813964844,180.61912536621094,0.3473415672779083,0.03695063665509224
36.00_-119.00,36.0,-119.0,157.9064483642578,0.9482589364051819,217.0923614501953,179.47994995117188,0.4813916087150574,0.3123244047164917
36.00_-118.75,36.0,-118.75,969.8811645507812,27.524532318115234,137.696533203125,167.29171752929688,13.739376068115234,-3.9529995918273926
36.00_-118.50,36.0,-118.5,1354.40380859375,8.62520980834961,234.2666778564453,173.9967498779297,4.234917640686035,0.6431403756141663
36.00_-118.25,36.0,-118.25,2186.520751953125,8.735459327697754,174.58676147460938,161.84963989257812,4.022500991821289,0.32537031173706055
36.00_-118.00,36.0,-118.0,1814.593994140625,35.843292236328125,263.0447692871094,93.74571228027344,17.836830139160156,-8.211263656616211
36.00_-117.75,36.0,-117.75,950.2077026367188,6.437170028686523,163.1629638671875,174.2705078125,2.8539865016937256,-1.5610662698745728
36.00_-117.50,36.0,-117.5,1734.648681640625,1.0201849937438965,216.17723083496094,180.02597045898438,0.4557492136955261,-0.40905895829200745
36.00_-117.25,36.0,-117.25,343.21661376953125,2.2303173542022705,264.5119934082031,176.25274658203125,0.8993115425109863,0.20349550247192383
36.00_-117.00,36.0,-117.0,1221.3262939453125,7.074375152587891,313.86358642578125,157.35556030273438,3.013395309448242,-0.4852268397808075
36.00_-116.75,36.0,-116.75,-72.34668731689453,0.47218525409698486,152.98741149902344,180.71078491210938,0.2676534056663513,-0.06933087855577469
36.00_-116.50,36.0,-116.5,964.08837890625,3.779372453689575,200.60218811035156,184.3909149169922,1.7113226652145386,-1.001583456993103
36.00_-116.25,36.0,-116.25,571.2388305664062,5.609588623046875,63.58478927612305,185.1400146484375,2.221766710281372,-0.7091554403305054
36.00_-116.00,36.0,-116.0,780.0750122070312,1.0474283695220947,208.1234130859375,181.18002319335938,0.4865785837173462,-0.056164540350437164
36.25_-121.75,36.25,-121.75,334.1381530761719,30.9233455657959,127.98207092285156,216.7586669921875,15.576164245605469,-4.716940879821777
36.25_-121.50,36.25,-121.5,584.1897583007812,32.2518196105957,167.65185546875,168.2692108154297,16.134815216064453,-8.061306953430176
36.25_-121.25,36.25,-121.25,502.18914794921875,18.598529815673828,253.62734985351562,149.4263153076172,8.692325592041016,4.085298538208008
36.25_-121.00,36.25,-121.0,335.6933288574219,19.97635841369629,181.74203491210938,199.49794006347656,9.94740104675293,-0.709416389465332
36.25_-120.75,36.25,-120.75,787.796630859375,17.68834686279297,141.97299194335938,160.10968017578125,8.110916137695312,-7.4001054763793945
36.25_-120.50,36.25,-120.5,477.6609802246094,12.786458969116211,199.9705047607422,161.7737579345703,5.65967321395874,-3.805394411087036
36.25_-120.25,36.25,-120.25,155.73297119140625,1.2827982902526855,234.03518676757812,179.66094970703125,0.5978866815567017,0.15479524433612823
36.25_-120.00,36.25,-120.0,80.66880798339844,0.17671237885951996,227.9541473388672,180.15345764160156,0.10875590890645981,-0.003641048911958933
36.25_-119.75,36.25,-119.75,63.03435134887695,1.1916364431381226,195.94671630859375,179.55950927734375,0.69808030128479,-0.0021604392677545547
36.25_-119.50,36.25,-119.5,74.15238952636719,1.735268473625183,160.81036376953125,179.66860961914062,1.0925476551055908,0.15228064358234406
36.25_-119.25,36.25,-119.25,103.19761657714844,2.7905285358428955,191.28933715820312,178.05223083496094,1.5103135108947754,0.13856270909309387
36.25_-119.00,36.25,-119.0,299.0843811035156,17.79010581970215,227.8094024658203,164.5200653076172,8.721086502075195,-0.6634515523910522
36.25_-118.75,36.25,-118.75,1273.2169189453125,25.051166534423828,121.98535919189453,148.87860107421875,11.724964141845703,-7.153522491455078
36.25_-118.50,36.25,-118.5,2034.6512451171875,8.846277236938477,103.22834777832031,190.74050903320312,4.153963088989258,0.6897119283676147
36.25_-118.25,36.25,-118.25,2884.76220703125,14.108292579650879,78.36751556396484,176.17718505859375,6.649051666259766,-0.13497501611709595
36.25_-118.00,36.25,-118.0,1152.7156982421875,1.786430835723877,221.6568145751953,180.1726837158203,0.780002236366272,-0.4406867027282715
36.25_-117.75,36.25,-117.75,2029.7601318359375,14.333621978759766,145.39060974121094,183.33311462402344,6.173863887786865,7.239241600036621
36.25_-117.50,36.25,-117.5,1772.228515625,2.615257740020752,204.17153930664062,179.82994079589844,1.217079997062683,-0.9004639387130737
36.25_-117.25,36.25,-117.25,841.27197265625,5.149611473083496,142.96388244628906,180.6410369873047,2.4718260765075684,-0.298135906457901
36.25_-117.00,36.25,-117.0,1418.1837158203125,32.347774505615234,198.34707641601562,193.49668884277344,16.580093383789062,8.83559513092041
36.25_-116.75,36.25,-116.75,799.0364379882812,30.1219539642334,146.93560791015625,218.29849243164062,15.63833999633789,-8.435221672058105
36.25_-116.50,36.25,-116.5,770.1672973632812,1.9745599031448364,232.08949279785156,179.40530395507812,0.8579349517822266,-0.12024877220392227
36.25_-116.25,36.25,-116.25,1210.29638671875,16.71683692932129,193.39364624023438,181.90176391601562,8.114548683166504,1.6622884273529053
36.50_-121.75,36.5,-121.75,111.92819213867188,7.955225467681885,85.71791076660156,184.9950408935547,3.713059663772583,0.8667545318603516
36.50_-121.50,36.5,-121.5,32.94189453125,1.9403237104415894,211.85684204101562,179.72933959960938,0.9272695779800415,-0.7625274062156677
36.50_-121.25,36.5,-121.25,632.6061401367188,13.929681777954102,161.84632873535156,161.2974090576172,6.310327529907227,-0.9528161883354187
36.50_-121.00,36.5,-121.0,772.0377807617188,20.842485427856445,152.04933166503906,136.86453247070312,10.332158088684082,1.8045393228530884
36.50_-120.75,36.5,-120.75,744.5593872070312,19.874385833740234,95.68473052978516,176.85646057128906,9.308236122131348,0.47225502133369446
36.50_-120.50,36.5,-120.5,339.9926452636719,11.900455474853516,195.67747497558594,168.16001892089844,5.951509475708008,0.912400484085083
36.50_-120.25,36.5,-120.25,71.15438079833984,0.30154407024383545,209.47926330566406,180.33279418945312,0.18821115791797638,0.005195446312427521
36.50_-120.00,36.5,-120.0,58.353546142578125,0.27732980251312256,157.55783081054688,180.5110626220703,0.17759902775287628,-0.019077330827713013
36.50_-119.75,36.5,-119.75,76.49179077148438,0.5783029198646545,157.2488555908203,181.02354431152344,0.328080415725708,0.10605502873659134
36.50_-119.50,36.5,-119.5,92.60682678222656,0.7396346926689148,187.4706268310547,180.11410522460938,0.47954967617988586,0.05585877597332001
36.50_-119.25,36.5,-119.25,109.24820709228516,0.8057546019554138,180.0172882080078,179.69009399414062,0.45587360858917236,0.00011453895422164351
36.50_-119.00,36.5,-119.0,386.1109313964844,22.529836654663086,172.5511932373047,190.2848663330078,11.126577377319336,-6.869321346282959
36.50_-118.75,36.5,-118.75,1214.0794677734375,26.872093200683594,164.6249542236328,191.8225555419922,13.746475219726562,-5.137426853179932
36.50_-118.50,36.5,-118.5,2810.995361328125,25.2364444732666,50.306175231933594,141.9567108154297,12.830973625183105,-7.689614295959473
36.50_-118.25,36.5,-118.25,3524.299560546875,21.741601943969727,182.2002410888672,150.66989135742188,10.312234878540039,-11.886082649230957
36.50_-118.00,36.5,-118.0,1083.753662109375,0.1447054147720337,173.86460876464844,180.14724731445312,0.09146206825971603,5.449084346764721e-05
36.50_-117.75,36.5,-117.75,2145.608642578125,10.654200553894043,104.88241577148438,195.0863800048828,4.6145100593566895,-1.6579118967056274
36.50_-117.50,36.5,-117.5,1329.4923095703125,19.230981826782227,227.89675903320312,130.96701049804688,8.661699295043945,3.8902926445007324
36.50_-117.25,36.5,-117.25,674.5812377929688,4.82633113861084,211.14840698242188,183.0553741455078,2.1527042388916016,-0.019560104236006737
36.50_-117.00,36.5,-117.0,155.57254028320312,35.89138412475586,282.6750793457031,69.59680938720703,17.624818801879883,-2.349148988723755
36.50_-116.75,36.5,-116.75,1175.7877197265625,22.138458251953125,189.57363891601562,169.4105224609375,10.631424903869629,6.56351375579834
36.75_-121.75,36.75,-121.75,3.6428675651550293,0.29593905806541443,199.9817657470703,180.35667419433594,0.17002755403518677,0.06558037549257278
36.75_-121.50,36.75,-121.5,603.3898315429688,27.730295181274414,252.15640258789062,103.71134185791016,13.660591125488281,-5.576862812042236
36.75_-121.25,36.75,-121.25,417.1606750488281,18.779991149902344,170.94007873535156,143.90391540527344,8.99439525604248,3.1449334621429443
36.75_-121.00,36.75,-121.0,994.0120849609375,24.711708068847656,171.85641479492188,185.7689666748047,11.713471412658691,7.693646430969238
36.75_-120.75,36.75,-120.75,283.1614990234375,14.061057090759277,227.92832946777344,164.2187042236328,6.727725982666016,0.22119250893592834
36.75_-120.50,36.75,-120.5,70.9075698852539,0.359989196062088,220.1663818359375,180.21038818359375,0.23584294319152832,0.0025242085102945566
36.75_-120.25,36.75,-120.25,50.18647384643555,0.2531212270259857,175.19290161132812,180.24949645996094,0.16931313276290894,-0.011764687485992908
36.75_-120.00,36.75,-120.0,74.68527221679688,0.6541202664375305,166.826904296875,181.0934600830078,0.39687785506248474,0.04269614443182945
36.75_-119.75,36.75,-119.75,94.3526840209961,1.3951992988586426,187.15554809570312,180.1907501220703,1.0038148164749146,-0.011466925032436848
36.75_-119.50,36.75,-119.5,124.01126861572266,1.1335710287094116,136.3194122314453,180.45924377441406,0.6353080868721008,-0.09189501404762268
36.75_-119.25,36.75,-119.25,589.5018920898438,13.188607215881348,274.7464904785156,144.1800079345703,6.075190544128418,-0.427129328250885
36.75_-119.00,36.75,-119.0,1673.088623046875,13.486067771911621,97.36263275146484,168.80775451660156,6.512024402618408,1.1321449279785156
36.75_-118.75,36.75,-118.75,2329.945556640625,7.9408488273620605,154.19232177734375,182.81600952148438,4.344141960144043,-1.2690695524215698
36.75_-118.50,36.75,-118.5,3316.081298828125,27.02572250366211,160.08326721191406,209.6519775390625,13.523641586303711,-2.89475154876709
36.75_-118.25,36.75,-118.25,1583.601318359375,4.449860095977783,211.29714965820312,183.00877380371094,1.9891999959945679,0.1451772004365921
36.75_-118.00,36.75,-118.0,2984.963134765625,14.545053482055664,120.57905578613281,180.9351043701172,6.599316596984863,-0.8698928356170654
36.75_-117.75,36.75,-117.75,335.2350769042969,0.8261840343475342,99.51023864746094,181.76052856445312,0.3928881585597992,0.02800220437347889
36.75_-117.50,36.75,-117.5,1767.291259765625,30.778905868530273,251.17156982421875,99.5059585571289,14.712207794189453,9.362231254577637
36.75_-117.25,36.75,-117.25,33.10082244873047,0.3890143036842346,191.17123413085938,179.60516357421875,0.2244327813386917,-0.0007951618172228336
36.75_-117.00,36.75,-117.0,1189.33349609375,25.324831008911133,182.4069366455078,158.7478485107422,11.351845741271973,5.675352096557617
37.00_-122.00,37.0,-122.0,87.98341369628906,12.270757675170898,170.47019958496094,192.70956420898438,6.139712333679199,1.973342776298523
37.00_-121.75,37.0,-121.75,146.89451599121094,14.744807243347168,157.18846130371094,197.47340393066406,7.552453517913818,-3.2674269676208496
37.00_-121.50,37.0,-121.5,57.80207443237305,0.9680114388465881,83.84684753417969,179.55380249023438,0.4690856635570526,-0.03132234513759613
37.00_-121.25,37.0,-121.25,429.41326904296875,14.651684761047363,135.86424255371094,188.98619079589844,6.948184967041016,-1.2554771900177002
37.00_-121.00,37.0,-121.0,181.02862548828125,7.313891887664795,196.30267333984375,185.44297790527344,3.5321578979492188,0.04624490439891815
37.00_-120.75,37.0,-120.75,29.72193717956543,0.36241400241851807,174.94528198242188,180.2578125,0.2279282957315445,-0.06543251127004623
37.00_-120.50,37.0,-120.5,36.27766799926758,0.3428076505661011,198.15191650390625,180.18075561523438,0.23723892867565155,0.03948073834180832
37.00_-120.25,37.0,-120.25,61.29751205444336,0.4559582769870758,187.533447265625,180.3184051513672,0.2843311131000519,0.01916554756462574
37.00_-120.00,37.0,-120.0,91.9753646850586,1.4390891790390015,175.1652069091797,179.49513244628906,0.7445459961891174,-0.24175900220870972
37.00_-119.75,37.0,-119.75,137.1698455810547,0.8441556096076965,213.6271209716797,179.7518310546875,0.4705030918121338,-0.05228361487388611
37.00_-119.50,37.0,-119.5,486.3609924316406,12.261504173278809,152.2034912109375,168.1107635498047,5.796067714691162,3.0859262943267822
37.00_-119.25,37.0,-119.25,924.4540405273438,28.131277084350586,35.9821662902832,143.1669464111328,13.927255630493164,1.1313027143478394
37.00_-119.00,37.0,-119.0,2156.93994140625,15.2969388961792,261.7721252441406,144.01394653320312,6.997457504272461,2.949308156967163
37.00_-118.75,37.0,-118.75,2817.618896484375,17.80978775024414,282.8851318359375,124.34243774414062,7.809178352355957,-7.276607513427734
37.00_-118.50,37.0,-118.5,3537.006591796875,20.397146224975586,291.8162841796875,113.82875061035156,9.183762550354004,-1.2857102155685425
37.00_-118.25,37.0,-118.25,1193.64208984375,0.6244977116584778,287.20941162109375,178.60580444335938,0.31072738766670227,-0.049386728554964066
37.00_-118.00,37.0,-118.0,2357.625,35.27595901489258,224.55343627929688,134.21665954589844,19.59158706665039,-14.081989288330078
37.00_-117.75,37.0,-117.75,1758.4124755859375,26.29717445373535,147.2159881591797,234.1522674560547,12.49081039428711,-6.592339515686035
37.00_-117.50,37.0,-117.5,923.2333984375,6.39867639541626,269.5865783691406,165.35450744628906,2.454911947250366,0.01161972526460886
37.00_-117.25,37.0,-117.25,1468.0244140625,15.519599914550781,85.57635498046875,182.23231506347656,7.406330108642578,-2.2463433742523193
37.25_-122.25,37.25,-122.25,432.89837646484375,26.224123001098633,219.57220458984375,161.6817169189453,12.347160339355469,-4.147073745727539
37.25_-122.00,37.25,-122.0,126.41958618164062,4.9300642013549805,184.91493225097656,186.546630859375,2.503793716430664,-0.160135880112648
37.25_-121.75,37.25,-121.75,204.94529724121094,15.929084777832031,64.60408782958984,178.54110717773438,6.898536682128906,-0.26183223724365234
37.25_-121.50,37.25,-121.5,753.5294799804688,22.61385726928711,150.04434204101562,191.07237243652344,11.595198631286621,1.8943911790847778
37.25_-121.25,37.25,-121.25,479.580322265625,21.85761833190918,186.1248016357422,162.3261260986328,11.103529930114746,0.6013884544372559
37.25_-121.00,37.25,-121.0,31.44096565246582,1.2806918621063232,187.70419311523438,180.16798400878906,0.8575276136398315,0.01989690400660038
37.25_-120.75,37.25,-120.75,26.0594425201416,0.400254487991333,175.7963409423828,180.41128540039062,0.2506421208381653,-0.003511300776153803
37.25_-120.50,37.25,-120.5,47.69833755493164,0.7070712447166443,175.452392578125,180.18914794921875,0.40966928005218506,0.05277734249830246
37.25_-120.25,37.25,-120.25,77.97249603271484,0.5733415484428406,128.42010498046875,180.20413208007812,0.31568586826324463,-0.1219339445233345
37.25_-120.00,37.25,-120.0,232.2791748046875,9.230735778808594,134.21563720703125,189.9602508544922,4.086463451385498,-2.5591013431549072
37.25_-119.75,37.25,-119.75,482.1322937011719,11.267476081848145,137.63418579101562,203.6495819091797,5.1922688484191895,-1.4607560634613037
37.25_-119.50,37.25,-119.5,826.4466552734375,14.766427993774414,179.59913635253906,164.90585327148438,6.754951477050781,-6.789011478424072
37.25_-119.25,37.25,-119.25,2289.63330078125,11.377150535583496,87.69794464111328,183.1486358642578,5.755321502685547,0.23030351102352142
37.25_-119.00,37.25,-119.0,2824.191650390625,7.567983150482178,171.45668029785156,194.11993408203125,3.643498420715332,-1.1352380514144897
37.25_-118.75,37.25,-118.75,3190.97802734375,11.314216613769531,180.7283935546875,194.9393768310547,5.2779998779296875,-0.983990490436554
37.25_-118.50,37.25,-118.5,3101.586669921875,14.860901832580566,237.40240478515625,163.62925720214844,6.294966220855713,2.649733066558838
37.25_-118.25,37.25,-118.25,1753.5458984375,29.36421775817871,132.61215209960938,232.14283752441406,13.4555082321167,1.611201524734497
37.25_-118.00,37.25,-118.0,2113.736572265625,23.32938003540039,167.56748962402344,133.2467498779297,11.55675983428955,-5.694653511047363
37.25_-117.75,37.25,-117.75,1139.29296875,4.761660575866699,64.55995178222656,184.02987670898438,1.9023802280426025,-0.48366981744766235
37.50_-122.25,37.5,-122.25,6.489362716674805,2.8244969844818115,179.0907745361328,180.14532470703125,1.5168246030807495,-0.022008998319506645
37.50_-122.00,37.5,-122.0,0.2751481533050537,0.26374831795692444,129.71224975585938,180.342529296875,0.15433286130428314,-0.11833921074867249
37.50_-121.75,37.5,-121.75,569.786865234375,22.082576751708984,184.57171630859375,135.69186401367188,10.766016960144043,-7.023741245269775
37.50_-121.50,37.5,-121.5,843.7052001953125,15.762419700622559,200.4348602294922,153.46058654785156,7.005867958068848,-4.49960470199585
37.50_-121.25,37.5,-121.25,330.4588317871094,21.276823043823242,164.46493530273438,177.67718505859375,10.23415756225586,9.501629829406738
37.50_-121.00,37.5,-121.0,18.98134422302246,0.8674185872077942,177.62132263183594,180.4618682861328,0.5188903212547302,0.009267129935324192
37.50_-120.75,37.5,-120.75,51.97569274902344,0.6837803721427917,103.6581039428711,180.70706176757812,0.36869776248931885,-0.04666828736662865
37.50_-120.50,37.5,-120.5,62.349117279052734,0.6490480899810791,143.7049560546875,180.84231567382812,0.40059271454811096,0.006700050085783005
37.50_-120.25,37.5,-120.25,271.7542419433594,9.237401008605957,136.7754669189453,177.5098876953125,4.0707831382751465,-0.45866191387176514
37.50_-120.00,37.5,-120.0,819.3788452148438,16.430063247680664,75.73247528076172,181.9819793701172,7.109217643737793,5.4725470542907715
37.50_-119.75,37.5,-119.75,1474.276611328125,20.77799415588379,128.05943298339844,137.30224609375,10.118279457092285,0.20429007709026337
37.50_-119.50,37.5,-119.5,2479.884765625,10.544404029846191,86.38985443115234,193.1005859375,4.776909828186035,-0.887734591960907
37.50_-119.25,37.5,-119.25,2020.218505859375,9.686944007873535,169.6658172607422,166.72145080566406,5.031693458557129,2.242663860321045
37.50_-119.00,37.5,-119.0,3017.899658203125,22.653860092163086,294.6966247558594,104.01969909667969,9.950525283813477,1.612748384475708
37.50_-118.75,37.5,-118.75,3040.735595703125,6.483729839324951,155.81317138671875,191.6163787841797,3.039158344268799,-1.1140398979187012
37.50_-118.50,37.5,-118.5,1537.0948486328125,4.206913471221924,211.58944702148438,172.4555206298828,1.8803578615188599,0.5526378154754639
37.50_-118.25,37.5,-118.25,2951.16943359375,12.489089965820312,158.0005645751953,169.359619140625,5.488558292388916,5.189418792724609
37.50_-118.00,37.5,-118.0,1986.37548828125,26.12725067138672,254.8411102294922,129.18130493164062,12.719454765319824,0.6162593960762024
37.75_-122.50,37.75,-122.5,29.259075164794922,2.8991050720214844,96.77910614013672,185.3035125732422,1.4795044660568237,-0.28669989109039307
37.75_-122.25,37.75,-122.25,0.559034526348114,0.5243711471557617,178.8941192626953,181.25405883789062,0.3059127926826477,-0.26064422726631165
37.75_-122.00,37.75,-122.0,303.6490478515625,15.941169738769531,201.3865203857422,186.80580139160156,7.719264507293701,-1.8878802061080933
37.75_-121.75,37.75,-121.75,187.25454711914062,1.6377582550048828,208.06187438964844,177.4494171142578,0.8495679497718811,-0.06110943853855133
37.75_-121.50,37.75,-121.5,18.701894760131836,1.2081297636032104,210.22805786132812,180.29310607910156,0.6984719038009644,0.05604134872555733
37.75_-121.25,37.75,-121.25,7.345799446105957,0.8604750633239746,196.57763671875,179.59552001953125,0.4971425235271454,-0.03196241706609726
37.75_-121.00,37.75,-121.0,32.77781677246094,1.4197893142700195,179.6871337890625,180.91104125976562,0.8336962461471558,0.1349492222070694
37.75_-120.75,37.75,-120.75,82.58305358886719,1.6397193670272827,164.95001220703125,179.02273559570312,0.7529557347297668,-0.05276556685566902
37.75_-120.50,37.75,-120.5,192.62574768066406,8.928872108459473,115.93772888183594,183.6308135986328,3.9031524658203125,1.7830278873443604
37.75_-120.25,37.75,-120.25,701.9022216796875,18.878276824951172,152.16195678710938,164.38735961914062,8.46328067779541,8.964738845825195
37.75_-120.00,37.75,-120.0,1058.35595703125,12.492391586303711,137.84938049316406,176.30032348632812,5.9724884033203125,5.1081061363220215
37.75_-119.75,37.75,-119.75,2005.1605224609375,11.456747055053711,128.64694213867188,185.56959533691406,5.152202606201172,2.543020248413086
37.75_-119.50,37.75,-119.5,2282.153564453125,12.350055694580078,159.10113525390625,155.4163818359375,6.06699800491333,-4.628572463989258
37.75_-119.25,37.75,-119.25,3495.437744140625,24.139446258544922,204.54861450195312,186.70166015625,11.667632102966309,-0.3369103968143463
37.75_-119.00,37.75,-119.0,2401.747314453125,13.976590156555176,229.28146362304688,178.60177612304688,6.515841484069824,3.816751003265381
37.75_-118.75,37.75,-118.75,2231.030517578125,4.28611946105957,139.8418426513672,172.32720947265625,1.9798940420150757,-0.13447372615337372
37.75_-118.50,37.75,-118.5,1820.4730224609375,5.641661643981934,49.17205810546875,179.77540588378906,2.401923656463623,-0.6517058610916138
37.75_-118.25,37.75,-118.25,2788.748779296875,22.70063018798828,112.63983154296875,228.8816375732422,9.493099212646484,-1.8483322858810425
38.00_-122.75,38.0,-122.75,131.19094848632812,9.282563209533691,103.91594696044922,176.42422485351562,4.967667579650879,1.1183648109436035
38.00_-122.50,38.0,-122.5,187.07244873046875,26.102523803710938,226.6649627685547,156.2511749267578,12.196391105651855,-0.8296446800231934
38.00_-122.25,38.0,-122.25,59.635520935058594,7.692447185516357,136.72750854492188,174.06527709960938,3.9992947578430176,-2.9089667797088623
38.00_-122.00,38.0,-122.0,34.37765884399414,2.7835195064544678,176.24169921875,183.67381286621094,1.3561408519744873,-0.791784942150116
38.00_-121.75,38.0,-121.75,13.979096412658691,2.5624141693115234,205.58311462402344,180.52426147460938,1.3026529550552368,-0.008308548480272293
38.00_-121.50,38.0,-121.5,-5.57879638671875,0.6460728645324707,159.944091796875,180.11488342285156,0.39238545298576355,-0.08144691586494446
38.00_-121.25,38.0,-121.25,9.818353652954102,1.6538602113723755,176.78179931640625,180.56002807617188,0.9715833067893982,0.08055764436721802
38.00_-121.00,38.0,-121.0,48.297367095947266,1.5642139911651611,167.51976013183594,182.63267517089844,0.7492265701293945,0.4308996796607971
38.00_-120.75,38.0,-120.75,431.02593994140625,7.479332447052002,120.78117370605469,196.14195251464844,3.1919288635253906,-0.860818088054657
38.00_-120.50,38.0,-120.5,316.50030517578125,0.008355136960744858,179.91192626953125,180.3242950439453,0.006002064328640699,-0.17984294891357422
38.00_-120.25,38.0,-120.25,1013.2635498046875,18.131385803222656,128.66419982910156,194.734375,7.856110572814941,3.8381993770599365
38.00_-120.00,38.0,-120.0,1661.501220703125,13.164753913879395,299.977783203125,137.615966796875,6.1813225746154785,2.4986727237701416
38.00_-119.75,38.0,-119.75,1931.392578125,15.733199119567871,285.9375,127.5374755859375,7.219738006591797,-3.241471767425537
38.00_-119.50,38.0,-119.5,2989.179443359375,24.548131942749023,215.42144775390625,161.95660400390625,13.453700065612793,10.068537712097168
38.00_-119.25,38.0,-119.25,2933.666748046875,14.605807304382324,261.4620666503906,147.51231384277344,6.131357669830322,-3.2014784812927246
38.00_-119.00,38.0,-119.0,1945.0,0.0,180.0,180.31222534179688,0.0,0.0
38.00_-118.75,38.0,-118.75,2227.091064453125,17.71449851989746,133.87217712402344,182.8305206298828,7.5894389152526855,4.824599266052246
38.25_-122.75,38.25,-122.75,70.84526062011719,2.743685245513916,103.363037109375,182.7739715576172,1.2252510786056519,0.13608098030090332
38.25_-122.50,38.25,-122.5,46.839324951171875,5.145301818847656,237.91046142578125,170.70736694335938,2.347820281982422,-0.12743517756462097
38.25_-122.25,38.25,-122.25,120.11735534667969,13.244000434875488,161.9190216064453,169.3672637939453,6.20335054397583,-2.8072800636291504
38.25_-122.00,38.25,-122.0,7.149985313415527,1.2096885442733765,164.1844940185547,180.39051818847656,0.8053402900695801,0.03727588430047035
38.25_-121.75,38.25,-121.75,0.15846088528633118,0.3081132769584656,187.31851196289062,180.2828369140625,0.20403842628002167,0.005284465383738279
38.25_-121.50,38.25,-121.5,3.4194180965423584,4.582989692687988,156.22442626953125,178.0702362060547,2.5195178985595703,0.16122761368751526
38.25_-121.25,38.25,-121.25,19.560216903686523,0.849626898765564,165.5020751953125,180.3980712890625,0.5124362707138062,-0.08572398871183395
38.25_-121.00,38.25,-121.0,116.44684600830078,10.400712013244629,123.44988250732422,191.7674102783203,4.789658069610596,2.1438605785369873
38.25_-120.75,38.25,-120.75,506.4937438964844,19.490886688232422,113.33204650878906,215.89007568359375,8.453621864318848,3.8147685527801514
38.25_-120.50,38.25,-120.5,792.7842407226562,2.9349441528320312,157.55606079101562,179.90484619140625,1.611346960067749,-2.4444339275360107
38.25_-120.25,38.25,-120.25,1519.4599609375,8.877229690551758,151.11387634277344,192.5698699951172,4.568545341491699,2.629098653793335
38.25_-120.00,38.25,-120.0,1778.7408447265625,13.102283477783203,98.19345092773438,204.36988830566406,5.89398717880249,-1.6192166805267334
38.25_-119.75,38.25,-119.75,2439.423828125,13.337108612060547,145.9121551513672,171.3944854736328,6.473568439483643,2.179456949234009
38.25_-119.50,38.25,-119.5,3064.85595703125,20.160375595092773,271.73193359375,118.7867202758789,9.27669620513916,7.751195907592773
38.25_-119.25,38.25,-119.25,1978.050048828125,0.4165216386318207,206.00503540039062,180.5662078857422,0.23775306344032288,0.013000136241316795
38.25_-119.00,38.25,-119.0,2667.996337890625,9.724933624267578,260.18841552734375,161.2720184326172,3.881521224975586,-2.0486061573028564
38.50_-123.00,38.5,-123.0,35.06745147705078,16.75503158569336,172.40185546875,190.0515899658203,9.318536758422852,-3.531975269317627
38.50_-122.75,38.5,-122.75,50.94887924194336,2.3933918476104736,165.00259399414062,181.33697509765625,1.4282455444335938,0.004146887455135584
38.50_-122.50,38.5,-122.5,224.3452606201172,17.638072967529297,215.4903106689453,164.990234375,8.99428939819336,0.9352352619171143
38.50_-122.25,38.5,-122.25,333.33355712890625,21.849092483520508,121.20433807373047,138.73854064941406,10.485003471374512,8.56867790222168
38.50_-122.00,38.5,-122.0,42.74509811401367,2.8058488368988037,228.61061096191406,174.94659423828125,1.4828535318374634,-0.2782450020313263
38.50_-121.75,38.5,-121.75,13.186203956604004,0.25506076216697693,175.65274047851562,180.5950469970703,0.16796232759952545,-0.007052259054034948
38.50_-121.50,38.5,-121.5,6.892518520355225,5.313432693481445,184.7867889404297,179.59402465820312,3.282766342163086,0.31893065571784973
38.50_-121.25,38.5,-121.25,33.23137283325195,1.7937171459197998,221.55718994140625,177.10935974121094,0.9625256061553955,0.05208258703351021
38.50_-121.00,38.5,-121.0,129.2347869873047,3.8397622108459473,156.08131408691406,175.0054473876953,1.738969326019287,-0.9206106066703796
38.50_-120.75,38.5,-120.75,584.1177368164062,10.274868965148926,149.86659240722656,194.61669921875,4.926697254180908,0.6277215480804443
38.50_-120.50,38.5,-120.5,1216.4183349609375,13.628409385681152,241.1512451171875,145.43142700195312,6.518497943878174,-3.4204890727996826
38.50_-120.25,38.5,-120.25,1509.1231689453125,23.490413665771484,211.1115264892578,119.90995788574219,11.544757843017578,1.4239379167556763
38.50_-120.00,38.5,-120.0,2469.280517578125,17.027753829956055,148.8577880859375,162.09901428222656,7.850945472717285,1.2568565607070923
38.50_-119.75,38.5,-119.75,2458.152099609375,13.313872337341309,233.2545623779297,151.51361083984375,6.605507850646973,-5.122000217437744
38.50_-119.50,38.5,-119.5,1867.01708984375,6.393174171447754,212.79898071289062,183.71437072753906,2.845127582550049,-0.9488376975059509
38.75_-123.50,38.75,-123.5,112.20326232910156,10.528241157531738,90.03783416748047,164.0189666748047,5.382126808166504,2.469301462173462
38.75_-123.25,38.75,-123.25,511.78558349609375,27.401653289794922,159.24624633789062,221.68753051757812,13.68231201171875,2.5661394596099854
38.75_-123.00,38.75,-123.0,178.9058074951172,14.051958084106445,187.30189514160156,192.3574981689453,6.760648250579834,-2.0488221645355225
38.75_-122.75,38.75,-122.75,866.101806640625,20.614521026611328,83.94483184814453,171.69113159179688,9.346138954162598,1.4234235286712646
38.75_-122.50,38.75,-122.5,295.5660095214844,0.5100327730178833,212.8787078857422,179.9014129638672,0.2797786295413971,-0.38882848620414734
38.75_-122.25,38.75,-122.25,578.8131103515625,29.841333389282227,87.4515380859375,183.25692749023438,14.095149993896484,-0.7009091973304749
38.75_-122.00,38.75,-122.0,56.71969223022461,0.4908011555671692,219.21591186523438,179.75018310546875,0.2675713300704956,0.15990759432315826
38.75_-121.75,38.75,-121.75,9.806242942810059,0.3399670124053955,192.61973571777344,180.5513916015625,0.20867542922496796,-0.038071129471063614
38.75_-121.50,38.75,-121.5,9.144129753112793,0.4131346344947815,162.6962127685547,180.73402404785156,0.2586686611175537,0.09956537187099457
38.75_-121.25,38.75,-121.25,74.16378784179688,4.305323600769043,157.884765625,179.42410278320312,2.366398811340332,0.5724726915359497
38.75_-121.00,38.75,-121.0,399.84405517578125,8.87752914428711,147.51397705078125,194.1034393310547,4.144777774810791,-1.9929769039154053
38.75_-120.75,38.75,-120.75,764.8972778320312,12.81118106842041,163.76866149902344,187.99757385253906,6.473737716674805,-2.75315523147583
38.75_-120.50,38.75,-120.5,1247.251220703125,10.514087677001953,167.63027954101562,176.0074920654297,5.796053886413574,-3.139119863510132
38.75_-120.25,38.75,-120.25,1660.5389404296875,16.00156021118164,93.20034790039062,170.6492462158203,7.359105110168457,-2.728879451751709
38.75_-120.00,38.75,-120.0,2668.2431640625,28.14887237548828,123.06964874267578,221.8789825439453,13.688600540161133,8.42745590209961
38.75_-119.75,38.75,-119.75,1787.8546142578125,19.70145606994629,263.826416015625,131.9141845703125,9.04525375366211,1.385254144668579
39.00_-123.50,39.0,-123.5,517.6357421875,19.546415328979492,194.41796875,139.3656005859375,9.642862319946289,4.0077080726623535
39.00_-123.25,39.0,-123.25,417.63995361328125,21.61895179748535,260.57586669921875,130.4097137451172,9.218093872070312,-0.6528528928756714
39.00_-123.00,39.0,-123.0,830.5794677734375,13.977605819702148,199.66127014160156,162.4304656982422,6.868844985961914,2.0200278759002686
39.00_-122.75,39.0,-122.75,407.0873107910156,4.669869899749756,216.2327880859375,171.55899047851562,2.048330068588257,-1.8098156452178955
39.00_-122.50,39.0,-122.5,468.7122802734375,19.787996292114258,209.92529296875,181.16622924804688,9.719629287719727,2.279365301132202
39.00_-122.25,39.0,-122.25,213.2772979736328,19.276891708374023,125.9173812866211,186.24758911132812,9.86086654663086,-0.846231997013092
39.00_-122.00,39.0,-122.0,15.789040565490723,0.4981755018234253,230.06607055664062,179.831787109375,0.30227547883987427,-0.0955546498298645
39.00_-121.75,39.0,-121.75,7.877873420715332,0.21896664798259735,163.72479248046875,180.33364868164062,0.14876338839530945,-0.0021818922832608223
39.00_-121.50,39.0,-121.5,19.202346801757812,0.35778218507766724,171.95542907714844,180.41786193847656,0.23687297105789185,0.00987232942134142
39.00_-121.25,39.0,-121.25,136.2424774169922,9.00000286102295,167.7840118408203,170.0359649658203,4.1715803146362305,-2.354663610458374
39.00_-121.00,39.0,-121.0,659.7376098632812,10.83560562133789,217.3025360107422,171.062255859375,4.841197490692139,3.9624183177948
39.00_-120.75,39.0,-120.75,678.841796875,38.01903533935547,194.9832763671875,194.5897979736328,20.907846450805664,0.23917634785175323
39.00_-120.50,39.0,-120.5,1627.9180908203125,12.019514083862305,118.81587219238281,200.25157165527344,5.904194355010986,1.5388576984405518
39.00_-120.25,39.0,-120.25,1969.3463134765625,6.981911659240723,143.48048400878906,191.6637725830078,3.499138593673706,-1.7926952838897705
39.25_-123.75,39.25,-123.75,173.9080810546875,7.304399013519287,198.0101318359375,175.59933471679688,3.97184419631958,1.4454896450042725
39.25_-123.50,39.25,-123.5,162.05259704589844,19.69968032836914,224.01393127441406,154.74012756347656,10.07461929321289,-2.486233711242676
39.25_-123.25,39.25,-123.25,361.1050109863281,19.106250762939453,227.56690979003906,166.2316436767578,8.820967674255371,-1.4968669414520264
39.25_-123.00,39.25,-123.0,878.3732299804688,14.049394607543945,127.17219543457031,205.38671875,6.743128776550293,-4.407670497894287
39.25_-122.75,39.25,-122.75,966.37060546875,18.169300079345703,77.17916870117188,166.53477478027344,9.38222599029541,1.6897244453430176
39.25_-122.50,39.25,-122.5,466.7030944824219,17.822887420654297,202.1229705810547,176.65972900390625,9.103523254394531,-4.049840927124023
39.25_-122.25,39.25,-122.25,36.838417053222656,0.3611173629760742,213.7288818359375,180.1382598876953,0.22673597931861877,-0.043176036328077316
39.25_-122.00,39.25,-122.0,18.02397918701172,4.428237438201904,169.03482055664062,181.50718688964844,2.5147199630737305,-0.22040337324142456
39.25_-121.75,39.25,-121.75,24.48094367980957,1.0130560398101807,201.69235229492188,180.28009033203125,0.6363349556922913,-0.010634302161633968
39.25_-121.50,39.25,-121.5,29.63906478881836,0.9574003219604492,155.5794219970703,181.06190490722656,0.5269632935523987,-0.24253615736961365
39.25_-121.25,39.25,-121.25,287.9168395996094,10.211116790771484,165.1688232421875,194.93023681640625,4.755627155303955,2.3729593753814697
39.25_-121.00,39.25,-121.0,850.4525146484375,8.51984691619873,165.60008239746094,193.9063720703125,4.8548502922058105,0.14446642994880676
39.25_-120.75,39.25,-120.75,1445.9569091796875,4.084014892578125,211.55380249023438,174.72607421875,2.0885117053985596,1.3223501443862915
39.25_-120.50,39.25,-120.5,1554.410400390625,36.200984954833984,100.62509155273438,207.58274841308594,18.74517822265625,-9.721060752868652
39.25_-120.25,39.25,-120.25,2148.127197265625,21.334720611572266,184.17413330078125,207.5518035888672,11.158286094665527,-3.951598644256592
39.50_-123.75,39.5,-123.75,126.22342681884766,7.5115532875061035,194.433837890625,171.71035766601562,3.9577033519744873,1.0427830219268799
39.50_-123.50,39.5,-123.5,472.4709167480469,18.14702033996582,245.75146484375,133.42843627929688,8.129383087158203,-1.6359689235687256
39.50_-123.25,39.5,-123.25,620.7319946289062,12.87350082397461,277.0952453613281,143.0760040283203,5.943685531616211,-1.650479793548584
39.50_-123.00,39.5,-123.0,989.581787109375,13.483186721801758,229.81068420410156,157.40939331054688,6.4858832359313965,2.1755504608154297
39.50_-122.75,39.5,-122.75,1570.76953125,22.83045196533203,175.43028259277344,205.87255859375,11.321314811706543,-3.8736495971679688
39.50_-122.50,39.5,-122.5,386.2415466308594,20.725893020629883,180.9333038330078,172.5224609375,9.62479019165039,8.455897331237793
39.50_-122.25,39.5,-122.25,45.98428726196289,0.40751954913139343,226.44992065429688,179.90782165527344,0.2468726933002472,0.02951889857649803
39.50_-122.00,39.5,-122.0,28.333513259887695,3.7333991527557373,178.01358032226562,177.25184631347656,2.128403425216675,-0.0031108330003917217
39.50_-121.75,39.5,-121.75,32.582374572753906,1.6988213062286377,158.70188903808594,181.0595703125,0.991174578666687,0.13053344190120697
39.50_-121.50,39.5,-121.5,131.9953155517578,4.4790802001953125,131.787353515625,181.01243591308594,2.356111764907837,0.4215115010738373
39.50_-121.25,39.5,-121.25,809.1519165039062,8.864535331726074,231.30178833007812,168.45181274414062,4.593417167663574,0.6994694471359253
39.50_-121.00,39.5,-121.0,985.6885986328125,21.70427894592285,182.24147033691406,191.25100708007812,10.444470405578613,-3.4114627838134766
39.50_-120.75,39.5,-120.75,1669.0595703125,14.467511177062988,119.06021881103516,178.1116180419922,6.602349281311035,-4.6287078857421875
39.50_-120.50,39.5,-120.5,2006.9962158203125,10.6939115524292,137.55291748046875,205.01779174804688,5.257089614868164,-0.23715990781784058
39.50_-120.25,39.5,-120.25,1937.686279296875,4.618836879730225,123.2684097290039,174.43722534179688,2.2934772968292236,-0.5038796663284302
39.75_-123.75,39.75,-123.75,575.9716796875,17.15119171142578,132.10638427734375,168.50706481933594,7.970241546630859,1.3711321353912354
39.75_-123.50,39.75,-123.5,628.8479614257812,15.958685874938965,156.42510986328125,197.91049194335938,7.7212419509887695,1.445069432258606
39.75_-123.25,39.75,-123.25,432.8117980957031,2.816072702407837,211.98040771484375,179.86807250976562,1.5176769495010376,-0.35054680705070496
39.75_-123.00,39.75,-123.0,1084.822509765625,20.97605323791504,227.11610412597656,165.56369018554688,9.99122142791748,-1.7012321949005127
39.75_-122.75,39.75,-122.75,938.3681030273438,19.075376510620117,227.84449768066406,167.69284057617188,8.658143997192383,1.2280563116073608
39.75_-122.50,39.75,-122.5,323.53179931640625,13.22283935546875,211.70223999023438,193.7560577392578,6.482118129730225,-2.4653103351593018
39.75_-122.25,39.75,-122.25,90.63127899169922,0.48622047901153564,221.0878448486328,179.71435546875,0.2948453724384308,0.09211195260286331
39.75_-122.00,39.75,-122.0,44.86145782470703,1.6123933792114258,152.4319305419922,181.2981719970703,0.9902855157852173,0.22801914811134338
39.75_-121.75,39.75,-121.75,212.33409118652344,4.606081962585449,82.47474670410156,185.94525146484375,2.078043222427368,-0.28864800930023193
39.75_-121.50,39.75,-121.5,862.7774047851562,13.629775047302246,104.72296905517578,176.70181274414062,6.640424728393555,5.587162971496582
39.75_-121.25,39.75,-121.25,1080.019775390625,27.93055534362793,222.8451690673828,126.59591674804688,14.420146942138672,-11.718744277954102
39.75_-121.00,39.75,-121.0,1649.2044677734375,16.27001953125,124.00460815429688,214.1897430419922,7.6667890548706055,2.186044216156006
39.75_-120.75,39.75,-120.75,2106.3076171875,21.76253318786621,116.91438293457031,224.21875,9.745970726013184,6.571696758270264
39.75_-120.50,39.75,-120.5,1788.41943359375,13.85083293914795,82.71379852294922,196.59486389160156,6.0612053871154785,0.04190269112586975
39.75_-120.25,39.75,-120.25,1491.0467529296875,0.40641021728515625,171.30661010742188,180.33831787109375,0.2727358043193817,-0.003069503465667367
39.75_-120.00,39.75,-120.0,,,,,,
40.00_-124.00,40.0,-124.0,650.6380004882812,20.373035430908203,131.43313598632812,170.9737091064453,8.85167407989502,4.92659330368042
40.00_-123.75,40.0,-123.75,455.3635559082031,27.873706817626953,222.5609893798828,108.58189392089844,13.440044403076172,7.83787727355957
40.00_-123.50,40.0,-123.5,450.70147705078125,15.336522102355957,227.29685974121094,171.33775329589844,7.2557573318481445,0.5349763035774231
40.00_-123.25,40.0,-123.25,926.1152954101562,25.4706974029541,109.313232421875,134.223388671875,12.515833854675293,2.898252487182617
40.00_-123.00,40.0,-123.0,1837.766357421875,15.773038864135742,197.32057189941406,194.81504821777344,7.6987996101379395,0.21045327186584473
40.00_-122.75,40.0,-122.75,1625.4140625,19.184558868408203,268.5546875,134.9058380126953,9.023382186889648,-4.055600166320801
40.00_-122.50,40.0,-122.5,243.8845977783203,5.65045690536499,230.12632751464844,175.08306884765625,2.8047115802764893,-0.2233233004808426
40.00_-122.25,40.0,-122.25,103.7249984741211,1.6960011720657349,193.11300659179688,182.3980712890625,0.8107503056526184,0.36966177821159363
40.00_-122.00,40.0,-122.0,109.3181381225586,4.283221244812012,174.87637329101562,185.0758056640625,2.1241066455841064,-0.08066718280315399
40.00_-121.75,40.0,-121.75,872.36669921875,17.085468292236328,209.72451782226562,138.55374145507812,7.742025852203369,-1.8812235593795776
40.00_-121.50,40.0,-121.5,1563.1142578125,8.445897102355957,119.73992156982422,177.73805236816406,3.92684006690979,-1.0628628730773926
40.00_-121.25,40.0,-121.25,981.5567626953125,33.23151779174805,171.1562042236328,206.6455535888672,16.99578094482422,-2.9929285049438477
40.00_-121.00,40.0,-121.0,1203.45703125,14.806976318359375,275.9343566894531,143.19496154785156,6.658716678619385,-2.6260344982147217
40.00_-120.75,40.0,-120.75,1592.290771484375,27.40126609802246,223.5944366455078,158.36024475097656,12.631383895874023,-10.51609992980957
40.00_-120.50,40.0,-120.5,1840.4791259765625,7.674004077911377,93.61180877685547,180.67218017578125,3.390443801879883,-0.38292354345321655
40.00_-120.25,40.0,-120.25,1985.05810546875,5.775121688842773,125.448974609375,184.69435119628906,2.7341301441192627,0.49119865894317627
40.00_-120.00,40.0,-120.0,1869.57421875,20.852712631225586,227.0061798095703,120.12886810302734,9.962031364440918,3.1677298545837402
40.25_-124.25,40.25,-124.25,394.7802734375,15.527705192565918,111.79944610595703,155.15980529785156,7.302864074707031,-2.649411201477051
40.25_-124.00,40.25,-124.0,543.84716796875,25.67742347717285,242.97068786621094,126.42272186279297,12.63419246673584,-6.297322750091553
40.25_-123.75,40.25,-123.75,379.110595703125,22.84535026550293,229.2640838623047,114.21544647216797,10.985220909118652,-0.044038865715265274
40.25_-123.50,40.25,-123.5,1494.4991455078125,14.403077125549316,182.24844360351562,143.92984008789062,7.358463287353516,-0.3162740170955658
40.25_-123.25,40.25,-123.25,1621.1719970703125,18.064800262451172,102.40636444091797,141.36337280273438,8.922194480895996,1.5228506326675415
40.25_-123.00,40.25,-123.0,1623.10693359375,21.323484420776367,134.3409881591797,134.2414093017578,10.56353759765625,-1.1511998176574707
40.25_-122.75,40.25,-122.75,447.5783386230469,22.396350860595703,188.47915649414062,197.97775268554688,11.19921588897705,-1.2003368139266968
40.25_-122.50,40.25,-122.5,237.11878967285156,10.413981437683105,164.85142517089844,176.127197265625,4.972568988800049,0.47337546944618225
40.25_-122.25,40.25,-122.25,139.0755157470703,9.991819381713867,168.95440673828125,174.32093811035156,4.7220540046691895,-0.7105367183685303
40.25_-122.00,40.25,-122.0,384.115966796875,6.909724235534668,127.40025329589844,183.87315368652344,3.390995740890503,-2.691282272338867
40.25_-121.75,40.25,-121.75,989.8921508789062,24.57767105102539,158.5577392578125,221.89419555664062,12.968033790588379,-0.07903355360031128
40.25_-121.50,40.25,-121.5,1429.103759765625,7.252132415771484,208.72695922851562,174.13824462890625,3.993042230606079,-3.2616612911224365
40.25_-121.25,40.25,-121.25,1417.494873046875,5.8083696365356445,212.41761779785156,175.02731323242188,3.063936233520508,-1.0638930797576904
40.25_-121.00,40.25,-121.0,1664.2828369140625,14.20417594909668,200.17864990234375,176.90663146972656,6.518881797790527,-5.402202129364014
40.25_-120.75,40.25,-120.75,1466.8602294921875,15.2147216796875,113.10307312011719,172.63107299804688,6.996637344360352,-1.7401952743530273
40.25_-120.50,40.25,-120.5,1730.3662109375,27.321285247802734,261.380126953125,113.05880737304688,11.637104988098145,4.492523670196533
40.25_-120.25,40.25,-120.25,1213.557373046875,0.3161194920539856,188.84881591796875,180.3340606689453,0.21904781460762024,0.001167107722721994
40.25_-120.00,40.25,-120.0,1240.72607421875,0.9563406705856323,188.1094207763672,178.68179321289062,0.4731578230857849,-0.006496076472103596
40.50_-124.25,40.5,-124.25,592.1724243164062,15.745244026184082,240.91453552246094,162.47593688964844,7.482817649841309,-0.7620301842689514
40.50_-124.00,40.5,-124.0,119.2650375366211,15.952519416809082,265.8664855957031,144.36370849609375,7.741369724273682,-1.898139238357544
40.50_-123.75,40.5,-123.75,737.9814453125,7.7586798667907715,152.62847900390625,184.10171508789062,3.9164605140686035,0.6022238731384277
40.50_-123.50,40.5,-123.5,1622.7159423828125,17.435667037963867,49.48026657104492,171.197509765625,8.007105827331543,0.36908605694770813
40.50_-123.25,40.5,-123.25,975.2161254882812,15.84360408782959,211.529296875,181.6913299560547,7.755263328552246,0.7298107743263245
40.50_-123.00,40.5,-123.0,1033.359619140625,12.974334716796875,192.83627319335938,194.0245819091797,6.301358699798584,-3.774212121963501
40.50_-122.75,40.5,-122.75,1007.0948486328125,29.328916549682617,220.51466369628906,171.09869384765625,15.163147926330566,-4.065532207489014
40.50_-122.50,40.5,-122.5,230.4671173095703,15.489751815795898,155.57723999023438,173.6483917236328,7.463875770568848,-1.4342572689056396
40.50_-122.25,40.5,-122.25,149.66416931152344,0.6746742129325867,171.84146118164062,179.91268920898438,0.35091447830200195,0.043514009565114975
40.50_-122.00,40.5,-122.0,554.6378784179688,3.366570234298706,114.50894927978516,185.25750732421875,1.648212194442749,-0.39786630868911743
40.50_-121.75,40.5,-121.75,1219.6904296875,4.516657829284668,199.20265197753906,175.3738555908203,2.5814208984375,-0.23877258598804474
40.50_-121.50,40.5,-121.5,2541.107666015625,18.720075607299805,251.76002502441406,144.57814025878906,7.882734298706055,-6.3112287521362305
40.50_-121.25,40.5,-121.25,2388.60888671875,17.1552677154541,108.51321411132812,214.142333984375,7.365530014038086,-2.3736424446105957
40.50_-121.00,40.5,-121.0,1783.09228515625,6.937077045440674,217.60614013671875,174.76181030273438,3.645230293273926,1.07187819480896
40.50_-120.75,40.5,-120.75,1933.25830078125,13.859635353088379,221.30477905273438,179.7355499267578,6.265055179595947,3.437743902206421
40.50_-120.50,40.5,-120.5,1583.191162109375,18.016775131225586,281.41290283203125,135.78704833984375,7.9535813331604,-0.3688545227050781
40.50_-120.25,40.5,-120.25,1353.957275390625,0.5998367667198181,152.77023315429688,181.5673370361328,0.31306692957878113,-0.1539093554019928
40.50_-120.00,40.5,-120.0,1686.278076171875,5.3617119789123535,163.58363342285156,177.9833221435547,2.3897531032562256,-1.5776773691177368
40.75_-124.00,40.75,-124.0,491.47198486328125,12.106496810913086,143.4534454345703,156.19972229003906,5.975461006164551,1.5632047653198242
40.75_-123.75,40.75,-123.75,1345.4910888671875,11.555885314941406,225.70846557617188,174.5363311767578,5.6544318199157715,2.7285099029541016
40.75_-123.50,40.75,-123.5,1260.8173828125,16.55373191833496,154.44766235351562,163.40328979492188,7.824052810668945,5.70335054397583
40.75_-123.25,40.75,-123.25,513.2247924804688,26.46796989440918,170.98635864257812,172.97804260253906,12.44987678527832,-10.259101867675781
40.75_-123.00,40.75,-123.0,1032.7646484375,22.4362735748291,181.66439819335938,165.58665466308594,11.86739444732666,2.2305545806884766
40.75_-122.75,40.75,-122.75,888.204833984375,26.17658042907715,231.00352478027344,162.28814697265625,12.892377853393555,5.2233452796936035
40.75_-122.50,40.75,-122.5,720.5650634765625,26.316251754760742,280.65521240234375,117.26704406738281,13.29898452758789,0.5618647933006287
40.75_-122.25,40.75,-122.25,367.4296569824219,19.848512649536133,94.84893035888672,189.4783935546875,10.645523071289062,0.45209580659866333
40.75_-122.00,40.75,-122.0,543.3706665039062,7.0206298828125,218.12991333007812,163.94183349609375,3.4934074878692627,0.21540187299251556
40.75_-121.75,40.75,-121.75,1821.5556640625,15.517053604125977,89.96260070800781,195.2226104736328,6.6051554679870605,1.566494345664978
40.75_-121.50,40.75,-121.5,1271.1802978515625,10.374641418457031,196.0704803466797,180.65274047851562,4.799163818359375,-2.5316038131713867
40.75_-121.25,40.75,-121.25,1736.278076171875,3.5232667922973633,161.12770080566406,182.4717254638672,1.9477896690368652,-0.19414159655570984
40.75_-121.00,40.75,-121.0,1989.528564453125,6.285579681396484,142.93307495117188,192.58224487304688,3.0842185020446777,0.10446351766586304
40.75_-120.75,40.75,-120.75,1720.01953125,6.185009956359863,247.54147338867188,164.4433135986328,2.835777521133423,0.2571742534637451
40.75_-120.50,40.75,-120.5,1731.5753173828125,6.45956563949585,251.18797302246094,167.75950622558594,2.585327386856079,-0.5488908290863037
40.75_-120.25,40.75,-120.25,2104.60009765625,11.602873802185059,171.18124389648438,202.10813903808594,5.29545783996582,-3.153648614883423
40.75_-120.00,40.75,-120.0,1719.9617919921875,3.246253252029419,146.1632080078125,188.00436401367188,1.3827742338180542,-1.2491188049316406
41.00_-124.00,41.0,-124.0,300.8247985839844,16.562789916992188,85.74645233154297,201.16070556640625,7.297220706939697,0.319659560918808
41.00_-123.75,41.0,-123.75,808.0215454101562,20.33997344970703,186.1348876953125,143.77337646484375,10.657419204711914,0.7711096405982971
41.00_-123.50,41.0,-123.5,611.6044311523438,32.188926696777344,96.00868225097656,120.91886138916016,17.531452178955078,-7.047201156616211
41.00_-123.25,41.0,-123.25,936.0935668945312,24.681373596191406,152.11985778808594,198.81553649902344,11.851080894470215,-8.356366157531738
41.00_-123.00,41.0,-123.0,1894.3262939453125,35.528907775878906,162.63047790527344,230.39927673339844,19.678447723388672,-2.396311044692993
41.00_-122.75,41.0,-122.75,1043.8341064453125,11.522934913635254,247.85330200195312,162.27749633789062,5.074400424957275,-2.2842018604278564
41.00_-122.50,41.0,-122.5,874.234130859375,29.663496017456055,87.55144500732422,135.14109802246094,15.177255630493164,-11.272799491882324
41.00_-122.25,41.0,-122.25,1217.8175048828125,28.70787239074707,220.92477416992188,94.46155548095703,14.742654800415039,-4.157675743103027
41.00_-122.00,41.0,-122.0,899.3141479492188,27.095258712768555,236.61219787597656,145.80300903320312,13.021622657775879,3.140331506729126
41.00_-121.75,41.0,-121.75,770.306640625,15.366938591003418,131.541259765625,160.37525939941406,8.068436622619629,-5.313976764678955
41.00_-121.50,41.0,-121.5,1029.5523681640625,17.16455841064453,66.24071502685547,174.93136596679688,7.406504154205322,1.0443389415740967
41.00_-121.25,41.0,-121.25,1123.5382080078125,8.069195747375488,50.1649055480957,181.66207885742188,3.424747943878174,-3.5453264713287354
41.00_-121.00,41.0,-121.0,1632.032958984375,7.674439430236816,251.4621124267578,168.87844848632812,3.0752556324005127,0.01996447704732418
41.00_-120.75,41.0,-120.75,1916.7840576171875,5.6053314208984375,60.475284576416016,178.27024841308594,2.4475066661834717,-1.2173988819122314
41.00_-120.50,41.0,-120.5,1612.013671875,0.29820701479911804,185.25274658203125,180.31216430664062,0.2014220654964447,0.00022873868874739856
41.00_-120.25,41.0,-120.25,1691.66064453125,5.228321552276611,138.7544403076172,171.03472900390625,2.4376096725463867,-2.31292986869812
41.00_-120.00,41.0,-120.0,,,,,,
41.25_-124.00,41.25,-124.0,363.4772644042969,16.83795928955078,119.89816284179688,192.69500732421875,8.063289642333984,5.106924057006836
41.25_-123.75,41.25,-123.75,418.5779113769531,21.743541717529297,148.94114685058594,214.63525390625,11.22829532623291,-1.0741193294525146
41.25_-123.50,41.25,-123.5,873.0484619140625,32.88461685180664,83.49043273925781,157.09054565429688,16.960342407226562,-0.8943530917167664
41.25_-123.25,41.25,-123.25,730.797119140625,28.7535343170166,117.21272277832031,192.68466186523438,14.486644744873047,-11.034246444702148
41.25_-123.00,41.25,-123.0,1624.392822265625,21.82493782043457,279.90118408203125,111.2858657836914,9.705103874206543,-1.670703411102295
41.25_-122.75,41.25,-122.75,2063.01904296875,24.61563491821289,189.06887817382812,205.25790405273438,12.446290016174316,-3.5270392894744873
41.25_-122.50,41.25,-122.5,2041.5908203125,16.639251708984375,182.82623291015625,205.48294067382812,8.162869453430176,0.3243960440158844
41.25_-122.25,41.25,-122.25,953.6068725585938,13.482770919799805,112.60950469970703,190.29498291015625,6.648706436157227,-4.703492164611816
41.25_-122.00,41.25,-122.0,1088.2894287109375,5.426449775695801,160.83934020996094,178.01840209960938,3.219740152359009,-0.3680366575717926
41.25_-121.75,41.25,-121.75,1390.8712158203125,9.358711242675781,148.50218200683594,187.04490661621094,4.843146324157715,0.8864094018936157
41.25_-121.50,41.25,-121.5,1137.64013671875,4.75970983505249,204.43077087402344,175.24795532226562,2.6307270526885986,-0.16264495253562927
41.25_-121.25,41.25,-121.25,1475.6103515625,12.128490447998047,231.4867401123047,173.99520874023438,5.362335205078125,3.3165884017944336
41.25_-121.00,41.25,-121.0,1625.7567138671875,21.457752227783203,231.46482849121094,162.2642822265625,9.603479385375977,-2.240366220474243
41.25_-120.75,41.25,-120.75,1825.345703125,9.86318302154541,173.21542358398438,159.88818359375,4.483434677124023,-2.167942762374878
41.25_-120.50,41.25,-120.5,1368.946533203125,4.850654125213623,189.65650939941406,169.18553161621094,2.3278956413269043,-1.0098493099212646
41.25_-120.25,41.25,-120.25,2072.79443359375,8.364734649658203,159.0688018798828,176.79356384277344,4.14697265625,3.2645936012268066
41.25_-120.00,41.25,-120.0,,,,,,
41.50_-124.00,41.5,-124.0,50.03097152709961,15.658117294311523,228.0787353515625,159.8594207763672,7.771756172180176,-7.028310775756836
41.50_-123.75,41.5,-123.75,824.55517578125,13.942882537841797,86.40809631347656,193.75148010253906,6.833576202392578,-0.8142709136009216
41.50_-123.50,41.5,-123.5,562.060302734375,12.917699813842773,104.30380249023438,196.19813537597656,5.660019397735596,-4.7553181648254395
41.50_-123.25,41.5,-123.25,1236.587890625,31.55668830871582,237.6268310546875,89.3597412109375,15.075858116149902,11.678767204284668
41.50_-123.00,41.5,-123.0,1659.499755859375,30.046497344970703,119.77706909179688,228.68138122558594,13.533649444580078,-0.7866391539573669
41.50_-122.75,41.5,-122.75,1322.273681640625,17.417726516723633,165.67039489746094,146.89697265625,8.213744163513184,3.2332606315612793
41.50_-122.50,41.5,-122.5,868.9263916015625,2.835510730743408,74.12641906738281,182.60305786132812,1.176680326461792,0.017443370074033737
41.50_-122.25,41.5,-122.25,1456.546875,5.208392143249512,161.30233764648438,193.8934783935547,2.3970813751220703,0.15656383335590363
41.50_-122.00,41.5,-122.0,2143.407470703125,21.28965950012207,182.41697692871094,203.76011657714844,10.191911697387695,6.661005973815918
41.50_-121.75,41.5,-121.75,1683.58984375,12.51705551147461,170.1522674560547,167.7628631591797,6.067412376403809,-0.2416321486234665
41.50_-121.50,41.5,-121.5,1566.370849609375,5.191179275512695,261.6402587890625,167.33335876464844,2.471285104751587,-0.8848744034767151
41.50_-121.25,41.5,-121.25,1364.96240234375,2.094162940979004,177.26052856445312,181.11842346191406,1.0254684686660767,0.23104700446128845
41.50_-121.00,41.5,-121.0,1502.9822998046875,2.691133737564087,124.28199005126953,181.29393005371094,1.401428461074829,-0.2986360192298889
41.50_-120.75,41.5,-120.75,1451.451904296875,5.543353080749512,146.03575134277344,192.4784698486328,2.5897216796875,-2.897155284881592
41.50_-120.50,41.5,-120.5,1337.157958984375,0.3908301591873169,162.34054565429688,180.22296142578125,0.25833860039711,0.10627236217260361
41.50_-120.25,41.5,-120.25,1817.0567626953125,15.07535457611084,202.38601684570312,157.13613891601562,7.618185043334961,-6.513778209686279
41.50_-120.00,41.5,-120.0,1389.2158203125,0.988035261631012,111.20295715332031,181.86936950683594,0.48950958251953125,0.0694541409611702
41.75_-124.00,41.75,-124.0,425.9645690917969,24.492849349975586,208.12841796875,183.45501708984375,11.426227569580078,11.317694664001465
41.75_-123.75,41.75,-123.75,1314.908447265625,27.484878540039062,257.42437744140625,96.22650909423828,13.441749572753906,2.422126293182373
41.75_-123.50,41.75,-123.5,813.7650756835938,37.840553283691406,145.47532653808594,236.60316467285156,20.204322814941406,1.9009958505630493
41.75_-123.25,41.75,-123.25,1401.3685302734375,23.26320457458496,120.05635833740234,208.60850524902344,10.999072074890137,4.928360939025879
41.75_-123.00,41.75,-123.0,667.7127685546875,14.552520751953125,150.0734405517578,181.47177124023438,7.136263370513916,-2.6351447105407715
41.75_-122.75,41.75,-122.75,1148.2308349609375,24.976734161376953,158.7979278564453,190.7402801513672,11.261516571044922,-7.370856761932373
41.75_-122.50,41.75,-122.5,786.2401123046875,0.6686609983444214,128.28201293945312,181.32513427734375,0.3478037416934967,-0.07988807559013367
41.75_-122.25,41.75,-122.25,1362.3695068359375,11.125043869018555,170.88818359375,197.69837951660156,5.667876243591309,-0.5972333550453186
41.75_-122.00,41.75,-122.0,1309.455078125,1.4015402793884277,168.8104705810547,181.38584899902344,0.7765751481056213,-0.02575593627989292
41.75_-121.75,41.75,-121.75,1379.47314453125,5.055174350738525,120.76008605957031,189.5107879638672,2.303434133529663,-0.6457791328430176
41.75_-121.50,41.75,-121.5,1331.0616455078125,2.9190011024475098,174.5797119140625,180.50076293945312,1.4984699487686157,-1.0370453596115112
41.75_-121.25,41.75,-121.25,1416.0941162109375,11.254764556884766,294.2951354980469,144.79957580566406,4.9018635749816895,-1.0544981956481934
41.75_-121.00,41.75,-121.0,1434.890625,3.026477813720703,93.1900405883789,183.859375,1.3455674648284912,-0.12809714674949646
41.75_-120.75,41.75,-120.75,1555.4210205078125,2.016979932785034,98.73207092285156,184.20742797851562,0.8960638046264648,-0.2072892040014267
41.75_-120.50,41.75,-120.5,1433.7833251953125,0.3377021253108978,197.3372802734375,180.24713134765625,0.22837527096271515,-0.02300432324409485
41.75_-120.25,41.75,-120.25,1917.34033203125,12.430540084838867,83.31062316894531,199.1682891845703,4.860904216766357,-1.3605377674102783
41.75_-120.00,41.75,-120.0,1830.2413330078125,5.250645160675049,80.26589965820312,188.27096557617188,2.045358657836914,1.1827976703643799
42.00_-123.25,42.0,-123.25,1362.0245361328125,26.036752700805664,180.49462890625,116.39515686035156,12.739331245422363,7.056174278259277
42.00_-123.00,42.0,-123.0,1406.673583984375,18.081758499145508,70.5873031616211,164.77671813964844,8.689091682434082,-1.1297810077667236
42.00_-122.75,42.0,-122.75,1370.0396728515625,18.727489471435547,257.5389099121094,141.2264862060547,8.740336418151855,1.7665659189224243
42.00_-122.50,42.0,-122.5,1052.084716796875,21.304563522338867,199.03271484375,164.313720703125,10.544477462768555,8.88418960571289
42.00_-122.25,42.0,-122.25,1122.1314697265625,3.9237074851989746,294.2497253417969,169.14353942871094,1.8440115451812744,-0.06356152892112732
42.00_-122.00,42.0,-122.0,1392.1876220703125,13.484187126159668,61.92437744140625,183.925048828125,5.688167572021484,-1.2605321407318115
42.00_-121.75,42.0,-121.75,1240.5767822265625,0.3354550004005432,182.21392822265625,180.2799530029297,0.21652771532535553,-0.03356914222240448
