cell_id,firms_n_pixels_sum,fire_region_category
32.75_-114.75,13,Medium
32.75_-115.00,2,Low
32.75_-115.25,16,Medium
32.75_-115.50,57,High
32.75_-115.75,61,High
32.75_-116.00,2,Low
32.75_-116.25,6,Low
32.75_-116.50,34,Medium
32.75_-116.75,15,Medium
32.75_-117.00,11,Medium
32.75_-117.25,3,Low
33.00_-114.50,4,Low
33.00_-114.75,3,Low
33.00_-115.25,16,Medium
33.00_-115.50,40,Medium
33.00_-115.75,13,Medium
33.00_-116.50,14,Medium
33.00_-116.75,13,Medium
33.00_-117.00,6,Low
33.25_-114.75,8,Low
33.25_-115.25,17,Medium
33.25_-115.50,53,High
33.25_-116.25,1,Low
33.25_-116.50,1,Low
33.25_-116.75,9,Medium
33.25_-117.00,14,Medium
33.25_-117.25,20,Medium
33.50_-114.75,22,Medium
33.50_-115.00,1,Low
33.50_-115.50,1,Low
33.50_-115.75,3,Low
33.50_-116.00,76,High
33.50_-116.25,51,High
33.50_-116.50,20,Medium
33.50_-116.75,39,Medium
33.50_-117.00,5,Low
33.50_-117.25,24,Medium
33.50_-117.50,46,Medium
33.75_-114.75,16,Medium
33.75_-115.25,21,Medium
33.75_-115.50,23,Medium
33.75_-116.00,19,Medium
33.75_-116.25,14,Medium
33.75_-116.50,4,Low
33.75_-116.75,12,Medium
33.75_-117.00,23,Medium
33.75_-117.25,27,Medium
33.75_-117.50,28,Medium
33.75_-117.75,10,Medium
33.75_-118.00,6,Low
33.75_-118.25,5,Low
34.00_-114.50,8,Low
34.00_-116.25,3,Low
34.00_-116.50,6,Low
34.00_-116.75,23,Medium
34.00_-117.00,53,High
34.00_-117.25,69,High
34.00_-117.50,101,High
34.00_-117.75,16,Medium
34.00_-118.00,13,Medium
34.00_-118.25,6,Low
34.00_-119.50,5,Low
34.00_-119.75,2,Low
34.00_-120.25,1,Low
34.25_-114.25,3,Low
34.25_-116.25,1,Low
34.25_-116.50,1,Low
34.25_-116.75,17,Medium
34.25_-117.00,45,Medium
34.25_-117.25,24,Medium
34.25_-117.50,37,Medium
34.25_-117.75,57,High
34.25_-118.00,56,High
34.25_-118.25,11,Medium
34.25_-118.50,15,Medium
34.25_-118.75,14,Medium
34.25_-119.00,57,High
34.25_-119.25,23,Medium
34.50_-114.50,2,Low
34.50_-115.25,1,Low
34.50_-115.50,2,Low
34.50_-117.00,7,Low
34.50_-117.25,23,Medium
34.50_-117.50,24,Medium
34.50_-117.75,27,Medium
34.50_-118.00,19,Medium
34.50_-118.25,12,Medium
34.50_-118.50,17,Medium
34.50_-118.75,18,Medium
34.50_-119.00,17,Medium
34.50_-119.25,4,Low
34.50_-119.50,3,Low
34.50_-119.75,7,Low
34.50_-120.00,17,Medium
34.50_-120.25,16,Medium
34.75_-114.75,4,Low
34.75_-116.75,1,Low
34.75_-117.00,1,Low
34.75_-117.25,4,Low
34.75_-117.50,1,Low
34.75_-117.75,1,Low
34.75_-118.00,15,Medium
34.75_-118.25,43,Medium
34.75_-118.50,34,Medium
34.75_-118.75,26,Medium
34.75_-119.00,8,Low
34.75_-119.25,6,Low
34.75_-119.50,11,Medium
34.75_-120.00,30,Medium
34.75_-120.25,40,Medium
34.75_-120.50,17,Medium
35.00_-114.75,14,Medium
35.00_-117.25,6,Low
35.00_-117.50,2,Low
35.00_-117.75,1,Low
35.00_-118.00,2,Low
35.00_-118.25,20,Medium
35.00_-118.50,15,Medium
35.00_-118.75,45,Medium
35.00_-119.00,46,Medium
35.00_-119.25,15,Medium
35.00_-119.50,4,Low
35.00_-119.75,7,Low
35.00_-120.00,13,Medium
35.00_-120.25,23,Medium
35.00_-120.50,27,Medium
35.25_-115.00,2,Low
35.25_-115.25,5,Low
35.25_-115.50,3,Low
35.25_-115.75,1,Low
35.25_-116.75,1,Low
35.25_-118.00,3,Low
35.25_-118.25,6,Low
35.25_-118.50,10,Medium
35.25_-118.75,39,Medium
35.25_-119.00,32,Medium
35.25_-119.25,16,Medium
35.25_-119.50,12,Medium
35.25_-119.75,4,Low
35.25_-120.00,35,Medium
35.25_-120.25,29,Medium
35.25_-120.50,22,Medium
35.25_-120.75,8,Low
35.50_-115.50,5,Low
35.50_-116.50,1,Low
35.50_-118.00,2,Low
35.50_-118.25,10,Medium
35.50_-118.50,24,Medium
35.50_-118.75,12,Medium
35.50_-119.00,25,Medium
35.50_-119.25,71,High
35.50_-119.50,30,Medium
35.50_-119.75,18,Medium
35.50_-120.00,19,Medium
35.50_-120.25,24,Medium
35.50_-120.50,32,Medium
35.50_-120.75,9,Medium
35.50_-121.00,5,Low
35.75_-116.25,1,Low
35.75_-116.75,1,Low
35.75_-117.00,1,Low
35.75_-117.25,1,Low
35.75_-117.50,1,Low
35.75_-117.75,3,Low
35.75_-118.00,6,Low
35.75_-118.25,11,Medium
35.75_-118.50,30,Medium
35.75_-118.75,19,Medium
35.75_-119.00,41,Medium
35.75_-119.25,107,High
35.75_-119.50,18,Medium
35.75_-119.75,6,Low
35.75_-120.00,3,Low
35.75_-120.25,10,Medium
35.75_-120.50,44,Medium
35.75_-120.75,58,High
35.75_-121.00,17,Medium
35.75_-121.25,3,Low
36.00_-116.75,1,Low
36.00_-117.50,7,Low
36.00_-117.75,2,Low
36.00_-118.00,2,Low
36.00_-118.25,52,High
36.00_-118.50,89,High
36.00_-118.75,44,Medium
36.00_-119.00,56,High
36.00_-119.25,64,High
36.00_-119.50,11,Medium
36.00_-119.75,6,Low
36.00_-120.00,20,Medium
36.00_-120.25,14,Medium
36.00_-120.50,25,Medium
36.00_-120.75,8,Low
36.00_-121.00,57,High
36.00_-121.25,68,High
36.00_-121.50,37,Medium
36.25_-117.50,1,Low
36.25_-118.00,8,Low
36.25_-118.25,71,High
36.25_-118.50,106,High
36.25_-118.75,91,High
36.25_-119.00,62,High
36.25_-119.25,79,High
36.25_-119.50,26,Medium
36.25_-119.75,27,Medium
36.25_-120.00,46,Medium
36.25_-120.25,54,High
36.25_-120.50,20,Medium
36.25_-120.75,15,Medium
36.25_-121.00,40,Medium
36.25_-121.25,72,High
36.25_-121.50,31,Medium
36.25_-121.75,15,Medium
36.50_-118.00,1,Low
36.50_-118.25,22,Medium
36.50_-118.50,57,High
36.50_-118.75,95,High
36.50_-119.00,49,High
36.50_-119.25,83,High
36.50_-119.50,150,High Outlier
36.50_-119.75,100,High
36.50_-120.00,59,High
36.50_-120.25,45,Medium
36.50_-120.50,38,Medium
36.50_-120.75,6,Low
36.50_-121.00,26,Medium
36.50_-121.25,12,Medium
36.50_-121.50,20,Medium
36.50_-121.75,7,Low
36.75_-117.50,1,Low
36.75_-117.75,1,Low
36.75_-118.00,2,Low
36.75_-118.25,8,Low
36.75_-118.50,24,Medium
36.75_-118.75,85,High
36.75_-119.00,72,High
36.75_-119.25,27,Medium
36.75_-119.50,69,High
36.75_-119.75,56,High
36.75_-120.00,93,High
36.75_-120.25,85,High
36.75_-120.50,58,High
36.75_-120.75,17,Medium
36.75_-121.00,2,Low
36.75_-121.25,15,Medium
36.75_-121.50,22,Medium
36.75_-121.75,5,Low
37.00_-118.00,1,Low
37.00_-118.25,16,Medium
37.00_-118.50,8,Low
37.00_-118.75,12,Medium
37.00_-119.00,42,Medium
37.00_-119.25,156,High Outlier
37.00_-119.50,45,Medium
37.00_-119.75,12,Medium
37.00_-120.00,92,High
37.00_-120.25,109,High Outlier
37.00_-120.50,56,High
37.00_-120.75,20,Medium
37.00_-121.00,18,Medium
37.00_-121.25,22,Medium
37.00_-121.50,38,Medium
37.00_-121.75,8,Low
37.00_-122.00,15,Medium
37.25_-118.25,3,Low
37.25_-118.50,3,Low
37.25_-119.00,49,High
37.25_-119.25,83,High
37.25_-119.50,65,High
37.25_-119.75,41,Medium
37.25_-120.00,22,Medium
37.25_-120.25,70,High
37.25_-120.50,51,High
37.25_-120.75,81,High
37.25_-121.00,39,Medium
37.25_-121.25,11,Medium
37.25_-121.50,21,Medium
37.25_-121.75,18,Medium
37.25_-122.00,5,Low
37.25_-122.25,18,Medium
37.50_-118.00,1,Low
37.50_-118.25,3,Low
37.50_-118.50,6,Low
37.50_-118.75,4,Low
37.50_-119.00,45,Medium
37.50_-119.25,63,High
37.50_-119.50,72,High
37.50_-119.75,63,High
37.50_-120.00,40,Medium
37.50_-120.25,7,Low
37.50_-120.50,90,High
37.50_-120.75,148,High Outlier
37.50_-121.00,76,High
37.50_-121.25,46,Medium
37.50_-121.50,16,Medium
37.50_-121.75,17,Medium
37.50_-122.00,2,Low
37.50_-122.25,2,Low
37.75_-118.75,39,Medium
37.75_-119.00,63,High
37.75_-119.25,9,Medium
37.75_-119.50,102,High
37.75_-119.75,73,High
37.75_-120.00,53,High
37.75_-120.25,33,Medium
37.75_-120.50,18,Medium
37.75_-120.75,89,High
37.75_-121.00,92,High
37.75_-121.25,120,High Outlier
37.75_-121.50,93,High
37.75_-121.75,25,Medium
37.75_-122.00,3,Low
37.75_-122.25,2,Low
37.75_-122.50,2,Low
38.00_-118.75,3,Low
38.00_-119.00,6,Low
38.00_-119.25,1,Low
38.00_-119.50,46,Medium
38.00_-119.75,73,High
38.00_-120.00,95,High
38.00_-120.25,32,Medium
38.00_-120.50,11,Medium
38.00_-120.75,22,Medium
38.00_-121.00,89,High
38.00_-121.25,139,High Outlier
38.00_-121.50,36,Medium
38.00_-121.75,35,Medium
38.00_-122.00,18,Medium
38.00_-122.25,9,Medium
38.00_-122.50,5,Low
38.00_-122.75,8,Low
38.25_-119.00,2,Low
38.25_-119.75,13,Medium
38.25_-120.00,64,High
38.25_-120.25,37,Medium
38.25_-120.50,43,Medium
38.25_-120.75,33,Medium
38.25_-121.00,61,High
38.25_-121.25,140,High Outlier
38.25_-121.50,134,High Outlier
38.25_-121.75,33,Medium
38.25_-122.00,72,High
38.25_-122.25,43,Medium
38.25_-122.50,24,Medium
38.25_-122.75,5,Low
38.50_-119.50,22,Medium
38.50_-119.75,27,Medium
38.50_-120.00,13,Medium
38.50_-120.25,36,Medium
38.50_-120.50,73,High
38.50_-120.75,32,Medium
38.50_-121.00,27,Medium
38.50_-121.25,38,Medium
38.50_-121.50,37,Medium
38.50_-121.75,102,High
38.50_-122.00,201,High Outlier
38.50_-122.25,49,High
38.50_-122.50,114,High Outlier
38.50_-122.75,43,Medium
38.50_-123.00,23,Medium
38.75_-119.75,22,Medium
38.75_-120.00,47,Medium
38.75_-120.25,59,High
38.75_-120.50,121,High Outlier
38.75_-120.75,29,Medium
38.75_-121.00,17,Medium
38.75_-121.25,15,Medium
38.75_-121.50,58,High
38.75_-121.75,142,High Outlier
38.75_-122.00,159,High Outlier
38.75_-122.25,34,Medium
38.75_-122.50,68,High
38.75_-122.75,73,High
38.75_-123.00,51,High
38.75_-123.25,21,Medium
38.75_-123.50,6,Low
39.00_-120.25,6,Low
39.00_-120.50,58,High
39.00_-120.75,55,High
39.00_-121.00,6,Low
39.00_-121.25,49,High
39.00_-121.50,280,High Outlier
39.00_-121.75,242,High Outlier
39.00_-122.00,348,High Outlier
39.00_-122.25,152,High Outlier
39.00_-122.50,20,Medium
39.00_-122.75,45,Medium
39.00_-123.00,42,Medium
39.00_-123.25,37,Medium
39.00_-123.50,20,Medium
39.25_-120.25,9,Medium
39.25_-120.50,15,Medium
39.25_-120.75,20,Medium
39.25_-121.00,19,Medium
39.25_-121.25,27,Medium
39.25_-121.50,278,High Outlier
39.25_-121.75,314,High Outlier
39.25_-122.00,204,High Outlier
39.25_-122.25,210,High Outlier
39.25_-122.50,38,Medium
39.25_-122.75,36,Medium
39.25_-123.00,35,Medium
39.25_-123.25,24,Medium
39.25_-123.50,19,Medium
39.25_-123.75,11,Medium
39.50_-120.25,16,Medium
39.50_-120.50,8,Low
39.50_-120.75,5,Low
39.50_-121.00,11,Medium
39.50_-121.25,54,High
39.50_-121.50,83,High
39.50_-121.75,172,High Outlier
39.50_-122.00,271,High Outlier
39.50_-122.25,169,High Outlier
39.50_-122.50,18,Medium
39.50_-122.75,30,Medium
39.50_-123.00,52,High
39.50_-123.25,16,Medium
39.50_-123.50,6,Low
39.50_-123.75,8,Low
39.75_-120.00,16,Medium
39.75_-120.25,20,Medium
39.75_-120.50,20,Medium
39.75_-120.75,34,Medium
39.75_-121.00,50,High
39.75_-121.25,59,High
39.75_-121.50,41,Medium
39.75_-121.75,179,High Outlier
39.75_-122.00,441,High Outlier
39.75_-122.25,287,High Outlier
39.75_-122.50,25,Medium
39.75_-122.75,31,Medium
39.75_-123.00,47,Medium
39.75_-123.25,18,Medium
39.75_-123.50,11,Medium
39.75_-123.75,9,Medium
40.00_-120.00,13,Medium
40.00_-120.25,35,Medium
40.00_-120.50,32,Medium
40.00_-120.75,75,High
40.00_-121.00,84,High
40.00_-121.25,60,High
40.00_-121.50,46,Medium
40.00_-121.75,24,Medium
40.00_-122.00,111,High Outlier
40.00_-122.25,175,High Outlier
40.00_-122.50,29,Medium
40.00_-122.75,105,High
40.00_-123.00,69,High
40.00_-123.25,93,High
40.00_-123.50,24,Medium
40.00_-123.75,10,Medium
40.00_-124.00,8,Low
40.25_-120.00,1,Low
40.25_-120.25,10,Medium
40.25_-120.50,35,Medium
40.25_-120.75,60,High
40.25_-121.00,48,Medium
40.25_-121.25,46,Medium
40.25_-121.50,54,High
40.25_-121.75,24,Medium
40.25_-122.00,27,Medium
40.25_-122.25,88,High
40.25_-122.50,26,Medium
40.25_-122.75,71,High
40.25_-123.00,95,High
40.25_-123.25,66,High
40.25_-123.50,42,Medium
40.25_-123.75,13,Medium
40.25_-124.00,15,Medium
40.25_-124.25,5,Low
40.50_-120.25,3,Low
40.50_-120.50,6,Low
40.50_-120.75,15,Medium
40.50_-121.00,32,Medium
40.50_-121.25,53,High
40.50_-121.50,59,High
40.50_-121.75,12,Medium
40.50_-122.00,33,Medium
40.50_-122.25,32,Medium
40.50_-122.50,47,Medium
40.50_-122.75,24,Medium
40.50_-123.00,27,Medium
40.50_-123.25,70,High
40.50_-123.50,34,Medium
40.50_-123.75,78,High
40.50_-124.00,24,Medium
40.50_-124.25,15,Medium
40.75_-120.25,5,Low
40.75_-120.50,3,Low
40.75_-120.75,11,Medium
40.75_-121.00,6,Low
40.75_-121.25,25,Medium
40.75_-121.50,19,Medium
40.75_-121.75,9,Medium
40.75_-122.00,28,Medium
40.75_-122.25,50,High
40.75_-122.50,33,Medium
40.75_-122.75,19,Medium
40.75_-123.00,52,High
40.75_-123.25,57,High
40.75_-123.50,88,High
40.75_-123.75,36,Medium
40.75_-124.00,21,Medium
41.00_-120.00,14,Medium
41.00_-120.25,11,Medium
41.00_-120.50,7,Low
41.00_-120.75,10,Medium
41.00_-121.00,9,Medium
41.00_-121.25,4,Low
41.00_-121.50,10,Medium
41.00_-121.75,3,Low
41.00_-122.00,17,Medium
41.00_-122.25,34,Medium
41.00_-122.50,19,Medium
41.00_-122.75,54,High
41.00_-123.00,75,High
41.00_-123.25,106,High
41.00_-123.50,96,High
41.00_-123.75,45,Medium
41.00_-124.00,20,Medium
41.25_-120.00,7,Low
41.25_-120.25,17,Medium
41.25_-120.50,13,Medium
41.25_-120.75,5,Low
41.25_-121.00,16,Medium
41.25_-121.25,6,Low
41.25_-121.50,8,Low
41.25_-121.75,7,Low
41.25_-122.00,31,Medium
41.25_-122.25,23,Medium
41.25_-122.50,13,Medium
41.25_-122.75,58,High
41.25_-123.00,67,High
41.25_-123.25,148,High Outlier
41.25_-123.50,129,High Outlier
41.25_-123.75,36,Medium
41.25_-124.00,28,Medium
41.50_-120.00,1,Low
41.50_-120.25,13,Medium
41.50_-120.50,16,Medium
41.50_-120.75,14,Medium
41.50_-121.00,18,Medium
41.50_-121.25,4,Low
41.50_-121.50,20,Medium
41.50_-121.75,53,High
41.50_-122.00,54,High
41.50_-122.25,28,Medium
41.50_-122.50,27,Medium
41.50_-122.75,21,Medium
41.50_-123.00,47,Medium
41.50_-123.25,90,High
41.50_-123.50,97,High
41.50_-123.75,43,Medium
41.50_-124.00,16,Medium
41.75_-120.00,2,Low
41.75_-120.25,11,Medium
41.75_-120.50,10,Medium
41.75_-120.75,4,Low
41.75_-121.00,19,Medium
41.75_-121.25,23,Medium
41.75_-121.50,35,Medium
41.75_-121.75,29,Medium
41.75_-122.00,33,Medium
41.75_-122.25,10,Medium
41.75_-122.50,16,Medium
41.75_-122.75,47,Medium
41.75_-123.00,50,High
41.75_-123.25,81,High
41.75_-123.50,58,High
41.75_-123.75,24,Medium
41.75_-124.00,27,Medium
42.00_-121.75,18,Medium
42.00_-122.00,9,Medium
42.00_-122.25,10,Medium
42.00_-122.50,5,Low
42.00_-122.75,13,Medium
42.00_-123.00,7,Low
42.00_-123.25,26,Medium
